user,emilia-perez,wicked-2024,dune-part-two,a-complete-unknown,the-substance,furiosa-a-mad-max-saga,a-real-pain,the-color-purple,maestro-2023,past-lives,the-zone-of-interest,the-banshees-of-inisherin,tar-2022,the-menu-2022,bardo-false-chronicle-of-a-handful-of-truths,babylon-2022,the-menu-2022.1,rrr,nightmare-alley-2021,belfast,being-the-ricardos,nightmare-alley-2021.1,house-of-gucci,no-time-to-die-2021,the-french-dispatch,the-father-2020,the-mauritanian,minari,judas-and-the-black-messiah,one-night-in-miami,sound-of-metal,ford-v-ferrari,the-two-popes,knives-out-2019,joker-2019,vice-2018,a-star-is-born-2018,crazy-rich-asians,if-beale-street-could-talk,blackkklansman,deadpool-2,mary-poppins-returns,a-quiet-place-2018,darkest-hour,phantom-thread,the-post-2017,the-big-sick,i-tonya,the-florida-project,the-disaster-artist,logan-2017,hacksaw-ridge,manchester-by-the-sea,sing-street,sully,hell-or-high-water,nocturnal-animals,the-lobster,deadpool,the-jungle-book-2016,captain-fantastic,ant-man,carol-2015,steve-jobs,star-wars-the-force-awakens
jay,Missing,Late 3.0,4.0,Late 3.5,3.5,Missing,3.5,Missing,3.0,4.0,4.0,4.0,5.0,2.0,Missing,Missing,2.0,Missing,Late 3.5,Missing,Missing,Late 3.5,2.0,3.0,Missing,Late 4.0,Missing,Missing,Missing,Missing,Missing,3.0,Late 2.0,Missing,Missing,Late 2.5,Missing,Missing,Late 4.0,Late 4.0,Missing,Missing,4.0,Missing,Missing,Missing,Late 4.0,Missing,Missing,Missing,4.5,Missing,Late 4.0,Missing,Missing,Missing,Missing,Late 4.0,Missing,Missing,Missing,Late 2.5,Late 5.0,Late 3.5,Late 4.0
deathproof,Missing,Late 3.5,4.5,Late 3.0,5.0,3.5,Missing,Missing,Missing,4.5,Late 4.5,3.5,4.5,3.5,Missing,2.5,3.5,Missing,Late 3.0,Late 2.0,Late 2.0,Late 3.0,Missing,Missing,3.0,3.5,Missing,4.5,4.0,3.5,4.5,Late 3.0,Missing,4.5,1.5,Late 1.0,3.5,3.5,Late 4.0,4.0,2.0,Late 1.5,4.5,Late 2.0,Late 4.0,Late 4.0,3.0,4.0,4.5,3.0,3.5,Late 1.5,4.5,Missing,Missing,Late 3.0,3.5,4.5,2.5,Missing,Late 3.5,Late 1.5,5.0,Late 3.5,Missing
davidehrlich,2.5,1.5,2.5,Late 2.5,4.5,4.5,3.0,Missing,2.5,4.0,4.5,4.0,4.5,Late 3.0,2.5,3.0,Late 3.0,4.0,3.5,2.5,2.0,3.5,3.5,3.5,3.0,4.0,2.0,4.5,Missing,3.5,Missing,2.5,Missing,4.0,2.5,1.0,3.5,3.5,4.0,4.0,Missing,Late 2.5,Missing,4.0,4.5,4.5,4.0,3.5,4.0,4.0,3.5,Missing,4.5,3.5,2.0,3.0,2.5,4.5,1.5,2.5,Missing,2.5,5.0,4.0,Late 3.5
thejoshl,1.0,Late 3.0,4.0,Late 3.0,4.0,4.0,Late 3.0,Missing,Late 2.0,Late 3.0,4.0,4.0,4.0,2.0,Late 2.0,Late 3.0,2.0,4.0,3.0,Late 2.0,Missing,3.0,3.0,4.0,4.0,Late 3.0,Missing,Late 3.0,Missing,Missing,4.0,3.0,Late 2.0,3.0,2.0,2.0,4.0,Missing,4.0,4.0,3.0,Missing,3.0,Missing,Late 5.0,Late 2.0,2.0,2.0,4.0,3.0,4.0,4.0,4.0,3.0,4.0,3.0,Missing,4.0,2.0,3.0,Late 2.0,3.0,Late 4.0,2.0,Late 4.0
colonelmortimer,Missing,Late 1.5,4.5,Late 2.5,4.5,4.5,Missing,3.5,4.0,Late 3.0,3.0,4.0,3.5,2.0,Missing,1.5,2.0,4.0,2.0,2.5,2.5,2.0,4.0,Missing,4.0,Late 3.0,Missing,3.5,3.5,3.5,3.5,3.5,Missing,3.5,2.0,1.5,4.0,3.0,3.5,3.5,3.0,Late 2.0,3.5,Late 3.0,4.0,4.0,3.0,3.0,Late 3.5,2.0,4.0,3.5,4.0,Missing,3.5,3.5,3.0,3.0,3.0,3.0,3.0,3.0,4.5,3.5,Late 3.5
superpulse,2.0,3.5,4.0,3.5,4.0,3.5,4.0,Missing,Missing,5.0,Missing,4.0,4.0,2.0,Missing,Missing,2.0,4.5,2.5,Missing,Missing,2.5,2.5,3.0,3.0,Missing,Missing,4.0,4.0,Late 3.5,4.5,4.5,Missing,4.0,1.5,2.0,3.5,3.5,Missing,4.0,3.0,2.5,Missing,4.0,4.5,4.0,4.5,3.5,Missing,4.0,3.5,Missing,Missing,4.5,3.5,4.0,2.5,Missing,2.0,3.0,Missing,2.5,4.0,3.0,Late 3.5
zoerosebryant,Missing,4.5,5.0,Late 4.5,5.0,4.5,4.5,4.0,4.5,5.0,4.5,4.0,5.0,4.0,3.0,Missing,4.0,Missing,4.5,4.5,4.0,4.5,Missing,4.0,4.0,4.5,4.0,4.5,4.5,4.0,5.0,4.5,Late 2.0,5.0,4.5,3.5,5.0,4.5,Late 4.0,4.5,3.5,Late 3.5,5.0,Late 2.5,5.0,Late 4.0,4.5,Late 5.0,Missing,Missing,4.5,Late 4.0,Missing,Missing,Missing,Late 4.5,Late 4.0,Late 3.5,4.5,4.0,Late 4.0,3.5,Late 5.0,Late 5.0,Late 4.5
davidlsims,2.0,4.0,5.0,4.0,3.0,4.5,3.5,4.0,4.5,3.5,4.5,4.5,5.0,4.0,Missing,4.0,4.0,4.5,3.0,3.0,2.5,3.0,3.5,4.0,3.5,4.0,Missing,4.5,4.5,3.5,Late 4.0,3.5,3.5,4.5,2.5,2.0,4.5,3.5,4.5,4.0,2.5,3.0,3.0,4.5,5.0,4.0,4.5,2.0,4.5,4.5,3.5,3.0,4.5,Missing,4.0,4.5,Late 1.0,5.0,1.5,3.0,Missing,3.5,5.0,4.5,Late 4.5
jaragon23,1.5,Missing,4.5,Missing,Missing,Missing,3.5,3.0,Missing,5.0,Late 4.0,Missing,4.5,Missing,Late 3.0,Missing,Missing,4.5,Late 3.5,3.5,2.5,Late 3.5,3.0,Missing,Missing,Late 4.0,Missing,Late 5.0,4.5,4.5,4.5,Missing,Missing,Late 4.5,Late 2.5,Late 1.5,Missing,Late 4.0,Missing,Missing,Missing,Missing,Missing,Missing,Missing,Late 4.0,Missing,Missing,Late 5.0,Late 4.0,Missing,Missing,Missing,Missing,Missing,Late 4.5,Missing,Late 4.5,Missing,Missing,Missing,Late 3.5,Late 4.0,Late 4.5,Missing
sapphicquinn,Missing,Missing,Missing,Missing,Missing,Missing,Missing,Missing,Missing,Missing,Missing,5.0,4.0,4.0,Missing,Late 4.0,4.0,Missing,Late 3.0,Missing,Missing,Late 3.0,2.0,4.0,3.5,Late 4.0,Missing,Missing,4.5,4.5,Late 4.0,Missing,Missing,5.0,3.0,Missing,Missing,Missing,Missing,Late 4.0,Late 1.5,Missing,Late 4.0,Missing,Missing,Missing,Missing,Late 4.0,Missing,Missing,Missing,Missing,Missing,Missing,Missing,Missing,Missing,Missing,Missing,Missing,Late 4.0,Missing,Missing,Late 3.5,Missing
tototoro,Missing,3.5,5.0,Missing,Late 1.5,Missing,Missing,Missing,Missing,4.0,Late 3.5,Missing,Late 4.0,2.0,Missing,Late 1.0,2.0,Missing,Missing,Missing,Missing,Missing,Missing,Missing,Missing,Missing,Missing,Late 4.0,Missing,Missing,Missing,Missing,Missing,Missing,1.0,Missing,3.0,3.0,Missing,Missing,3.0,Late 3.5,3.0,Missing,Late 5.0,Missing,4.0,3.0,Late 4.0,Missing,3.5,Missing,Missing,Late 4.0,2.5,Missing,Missing,4.0,4.0,2.5,Missing,Late 3.5,Late 5.0,Missing,Late 4.5
jonathanfujii,1.5,2.5,5.0,3.0,3.5,Missing,3.0,Missing,Missing,Missing,4.0,4.0,Missing,4.0,Missing,5.0,4.0,3.5,Missing,Missing,3.5,Missing,Missing,Missing,Missing,4.0,3.0,4.5,3.5,4.0,4.0,Missing,Missing,Late 4.5,Missing,Missing,Late 4.5,Missing,Missing,Missing,Late 3.5,Missing,Missing,Missing,Late 4.0,Missing,Missing,Late 3.0,Late 3.0,Missing,Late 5.0,Missing,Late 5.0,Late 4.0,Missing,Missing,Late 4.5,Late 2.5,Late 3.0,Missing,Late 3.5,Missing,Late 3.5,Late 4.5,Missing
dirkh,Missing,Missing,Late 4.0,Missing,Missing,Missing,Missing,Missing,Missing,Missing,Missing,Missing,Missing,Late 3.0,Missing,Missing,Late 3.0,Missing,Missing,Missing,Missing,Missing,Missing,4.0,Missing,Missing,Missing,Missing,Missing,Missing,Missing,Missing,Missing,Late 4.0,3.5,Missing,Missing,Missing,Missing,Missing,4.5,Late 5.0,3.0,Missing,Missing,Missing,Missing,Missing,Missing,Missing,5.0,Missing,Late 5.0,Missing,Missing,Late 4.0,Missing,Late 4.0,4.5,Missing,Missing,4.0,Missing,Missing,Late 5.0
itsrambb,1.5,5.0,Missing,Late 2.5,5.0,4.0,Late 2.0,Missing,2.5,5.0,4.5,5.0,5.0,4.0,3.5,Missing,4.0,5.0,Late 4.0,Missing,Missing,Late 4.0,2.5,4.0,Late 4.5,Missing,Missing,Missing,4.5,Missing,Late 5.0,Missing,Missing,5.0,Late 4.5,Missing,Late 4.0,Missing,Missing,Missing,Late 3.5,Missing,Late 4.5,Missing,Missing,Missing,Missing,Late 5.0,Late 4.0,4.5,Late 5.0,Late 5.0,Missing,Missing,Late 3.5,Missing,4.0,Late 5.0,Late 5.0,3.5,Missing,Late 3.5,Late 5.0,Late 4.5,Late 4.5
stk5,1.5,Missing,5.0,Late 2.5,Missing,Missing,Missing,Missing,Late 2.5,4.0,Missing,Missing,Missing,Missing,Missing,3.0,Missing,4.5,Late 3.5,4.0,Missing,Late 3.5,Missing,3.5,Missing,Missing,Missing,Missing,4.0,Missing,Late 5.0,Missing,Missing,Late 4.5,Late 2.5,Late 1.5,Missing,Late 3.5,Missing,Missing,Missing,Missing,Missing,Missing,Late 5.0,Missing,Missing,Missing,Late 4.5,Missing,Late 5.0,Missing,Late 4.5,Missing,Missing,Missing,Late 1.5,Missing,Missing,Missing,Late 4.0,Late 3.0,Missing,Missing,Missing
eely,Missing,Late 2.5,Missing,Late 2.5,3.5,Missing,Missing,Missing,Late 3.0,Late 3.5,Late 3.5,4.0,Late 3.0,Late 2.5,Missing,Late 2.5,Late 2.5,Missing,Missing,Late 3.0,Missing,Missing,Missing,Missing,Late 3.0,Late 3.5,Missing,Late 4.5,Late 3.0,3.5,Late 3.5,Missing,Missing,Late 3.5,Missing,Missing,Missing,Late 2.5,Late 4.0,Late 3.5,Missing,Missing,Missing,Late 1.5,Late 3.5,Late 3.0,4.0,Late 4.5,Missing,Missing,Missing,Missing,Missing,Missing,Missing,Missing,Late 4.0,Late 4.0,Missing,Missing,Late 3.0,Missing,Late 5.0,Late 4.5,Missing
elementarii,Missing,Missing,Missing,Missing,Missing,Missing,Missing,Missing,Missing,Missing,Late 4.0,Missing,Late 4.0,Missing,Missing,Missing,Missing,Missing,Missing,Missing,Missing,Missing,Missing,2.0,Missing,Missing,Missing,Missing,Missing,Missing,Late 5.0,Missing,Missing,Late 3.0,2.0,Missing,Missing,Missing,Missing,3.0,Missing,Missing,Missing,Missing,Late 5.0,Missing,Missing,Missing,Late 4.0,Missing,Missing,Missing,Missing,Late 3.0,Missing,Missing,Late 1.0,Late 5.0,Missing,Missing,Late 1.0,Late 1.0,Late 3.0,Late 3.0,Missing
mrmoviesrd,Late 3.0,4.0,4.5,Late 3.5,4.5,4.0,Late 4.0,4.0,Late 3.0,Late 3.5,Late 4.0,Late 4.5,4.0,3.5,Late 2.5,Late 4.0,3.5,4.5,Late 4.0,3.5,Missing,Late 4.0,3.5,4.5,Late 3.0,Late 4.0,Missing,4.0,4.5,4.0,4.0,4.5,Late 4.0,4.5,5.0,Late 3.5,Late 4.0,Late 4.0,Late 3.5,Late 4.5,Late 4.0,Missing,Late 3.5,Missing,Late 4.0,Late 3.5,Missing,Missing,Late 4.0,Missing,Late 5.0,Missing,Missing,Missing,Missing,Missing,Missing,Late 4.5,Late 3.5,Missing,Missing,Late 3.5,Missing,Missing,Late 4.0
kun,2.0,2.5,4.5,Late 3.0,4.0,4.5,4.0,Missing,Late 2.0,4.5,3.5,4.0,4.0,2.0,Missing,Late 4.5,2.0,Missing,Missing,2.0,Missing,Missing,Missing,2.5,3.0,Missing,Missing,4.0,Late 3.5,Missing,4.0,3.5,Missing,3.5,2.5,Late 2.0,3.0,3.5,Late 4.0,4.0,3.0,Missing,2.5,Missing,Late 4.5,Missing,5.0,Late 3.0,Late 4.0,Late 3.0,5.0,Missing,Late 3.0,Missing,Missing,Missing,Missing,Late 5.0,Missing,Missing,Missing,Missing,Late 4.5,Missing,Missing
willhunting,Missing,Late 3.0,5.0,Missing,Missing,Missing,Late 4.0,Missing,Missing,Late 5.0,Missing,Missing,Missing,3.0,Missing,Missing,3.0,Missing,Missing,Missing,Missing,Missing,Missing,4.5,Missing,Late 4.5,Missing,Late 4.5,4.5,Missing,Late 4.5,Late 5.0,Missing,4.5,Missing,Late 2.0,3.5,4.5,Late 4.5,Late 4.5,2.0,Missing,4.5,Missing,Late 5.0,Late 3.5,Missing,4.0,Late 4.0,4.0,5.0,Late 4.0,Missing,Missing,Missing,Late 4.0,Missing,Late 3.0,4.0,4.0,Late 5.0,Late 3.0,Late 4.5,Late 4.0,Missing
hollieamanda,Missing,Missing,4.0,Missing,3.0,3.5,Late 3.0,Missing,Missing,Missing,Late 3.5,4.0,4.0,4.0,Missing,Missing,4.0,Missing,Late 3.0,1.5,Missing,Late 3.0,Missing,2.5,4.5,Missing,Missing,4.0,Missing,Missing,3.5,2.0,Missing,3.5,Missing,Late 1.0,Missing,2.5,Missing,Missing,2.0,Missing,Late 2.5,Late 0.5,5.0,Late 2.0,Late 2.5,Late 2.5,Late 4.0,Late 3.0,Missing,Missing,Missing,Missing,Missing,Missing,Late 4.5,Late 4.5,3.0,Missing,Missing,Missing,Late 4.0,Missing,Missing
ellakemp,1.0,3.5,4.5,3.5,3.0,4.0,4.5,Missing,4.0,4.0,5.0,4.0,4.0,3.0,Missing,Late 4.5,3.0,Late 4.5,Missing,3.0,Late 2.0,Missing,2.0,3.5,4.0,4.0,2.5,4.0,Missing,3.5,4.0,3.5,3.0,3.5,2.5,Late 2.5,4.0,3.5,4.5,Missing,2.5,Late 4.5,3.5,Late 3.0,Late 5.0,Late 4.5,Missing,Late 4.0,Late 4.5,4.0,Missing,Missing,Missing,Missing,Missing,Missing,Missing,Missing,Missing,Missing,Late 4.5,Late 3.5,Late 4.0,Missing,Missing
sethsreviews,Late 1.0,3.0,5.0,Late 3.5,4.5,4.5,3.5,Missing,3.0,4.0,Late 5.0,5.0,Late 5.0,3.5,Missing,Late 4.0,3.5,4.5,Missing,Missing,Missing,Missing,Missing,Missing,Late 3.0,Late 5.0,Missing,Late 4.0,Missing,Missing,Late 4.5,Missing,Missing,Late 4.0,Late 2.5,Missing,Missing,Missing,Missing,Late 4.0,Missing,Missing,Late 4.0,Missing,Late 4.5,Late 3.0,Missing,Missing,Missing,Late 3.5,Late 4.0,Late 3.5,Late 4.5,Missing,Missing,Missing,Missing,Late 4.0,Late 1.5,Missing,Missing,Missing,Missing,Missing,Late 3.5
will_sloan,Missing,Missing,Missing,Missing,Missing,Missing,Missing,Missing,Missing,Missing,Missing,Missing,Missing,Missing,Missing,Missing,Missing,4.5,Missing,Missing,Missing,Missing,Missing,3.0,Missing,Missing,Missing,Missing,Missing,Missing,Missing,Missing,Missing,Missing,Missing,Late 1.5,Missing,Missing,Late 4.0,Missing,Missing,Late 2.0,Missing,Missing,4.5,Missing,Missing,Missing,Missing,Missing,Missing,Missing,Missing,Missing,Missing,Missing,Missing,Missing,Missing,Missing,Missing,Missing,Missing,Missing,Missing
filipe_furtado,1.0,Late 2.0,2.5,Late 2.5,2.0,2.5,Late 2.0,Late 3.0,Late 2.0,2.5,1.5,2.0,2.5,2.0,Late 2.0,Late 2.0,2.0,Late 3.5,Late 2.0,1.5,1.0,Late 2.0,Late 2.0,1.5,4.0,Late 2.0,Missing,Late 3.0,Late 3.0,Late 2.0,2.5,2.5,Late 1.0,3.0,3.0,Late 1.0,Late 2.5,1.5,Missing,3.5,2.0,Missing,1.0,Late 2.0,Late 4.0,Late 2.5,3.0,Late 1.0,Late 3.5,1.0,2.0,Late 3.0,Late 3.0,2.0,Late 4.0,3.0,2.0,1.0,2.0,Missing,1.5,2.5,Late 4.0,Late 1.5,Late 2.5
juggernaut323,2.5,4.0,4.5,Late 2.0,4.5,4.5,Late 2.5,Missing,Late 2.5,5.0,Late 5.0,4.5,4.0,4.0,Late 4.0,Late 3.5,4.0,5.0,Late 3.0,3.0,2.5,Late 3.0,2.0,3.5,2.5,Late 4.0,Missing,4.5,4.5,3.5,3.5,3.0,Late 3.5,3.5,3.5,Late 1.5,Missing,4.0,Late 5.0,5.0,4.0,Missing,3.0,Missing,Late 5.0,Late 3.5,Late 4.0,Late 3.0,Late 3.5,2.5,Late 4.5,Late 3.5,Late 3.5,Late 4.0,Late 2.5,Late 4.5,Missing,Late 4.0,4.5,Late 2.5,Late 3.5,Late 4.0,Late 5.0,Late 4.0,Late 3.5
timtamtitus,Late 1.5,4.0,4.5,Late 2.5,5.0,3.5,Late 4.5,Missing,Missing,3.5,Late 1.5,Missing,Missing,Missing,Missing,Late 3.0,Missing,Late 4.5,Missing,Missing,Missing,Missing,Missing,Late 4.5,Late 2.0,Late 3.5,Missing,Late 4.5,Missing,Missing,Missing,Missing,Missing,Missing,Missing,Missing,Missing,Missing,Missing,Late 4.0,Missing,Missing,Missing,Missing,Late 4.0,Missing,Missing,Late 4.0,Late 3.5,Missing,Missing,Late 4.0,Late 2.5,Missing,Missing,Late 3.0,Missing,Late 3.0,Missing,Missing,Missing,Missing,Late 3.5,Missing,Late 3.0
jlalibs,Late 1.0,Late 3.0,4.0,Late 4.0,3.0,4.5,4.0,Missing,Late 3.0,4.5,Late 4.5,4.0,4.0,3.0,Missing,Late 3.5,3.0,Missing,Late 3.0,Late 2.0,Late 2.0,Late 3.0,Late 3.0,3.0,3.0,Late 3.0,Missing,4.5,4.0,3.5,Missing,3.5,Late 3.0,3.5,2.0,Late 2.0,3.5,3.0,4.0,4.0,2.5,Missing,3.5,Late 3.0,4.5,3.5,3.5,3.5,4.0,4.0,4.0,4.0,3.5,Late 3.0,2.5,4.0,4.0,4.0,3.0,Missing,Late 3.0,2.5,4.5,3.0,Late 4.0
moviesrtherapy,2.0,2.5,5.0,Missing,3.5,4.5,3.5,Missing,Late 2.0,5.0,Missing,4.5,4.5,5.0,2.5,4.5,5.0,5.0,Missing,Missing,Missing,Missing,Missing,Missing,Missing,Missing,Missing,Late 5.0,Missing,Missing,Missing,Late 4.0,Missing,5.0,4.0,Missing,Missing,Missing,Missing,Missing,Late 3.5,Missing,Late 4.5,Missing,Missing,Missing,Missing,Missing,Missing,Missing,Late 5.0,Missing,Missing,Missing,Missing,Late 5.0,Missing,Late 4.0,Late 3.5,Missing,Missing,Missing,Late 4.0,Missing,Late 3.5
menslaughter,3.5,Late 3.0,5.0,Late 4.0,4.0,4.0,Late 3.5,Missing,Missing,5.0,Late 4.5,Late 4.5,Missing,Missing,Missing,Missing,Missing,Missing,Missing,Missing,Missing,Missing,Missing,Missing,Late 2.0,Missing,Missing,Missing,Missing,Missing,Late 4.0,Missing,Missing,Late 5.0,Missing,Missing,Missing,Missing,Missing,Missing,Missing,Missing,Missing,Missing,Late 5.0,Missing,Missing,Missing,Missing,Missing,Missing,Missing,Missing,Missing,Missing,Missing,Late 4.0,Missing,Missing,Missing,Missing,Missing,Missing,Missing,Missing
nevermore1985,Missing,Missing,Missing,Missing,Missing,Missing,Missing,Missing,Missing,Missing,Missing,Missing,Missing,4.0,Missing,Missing,4.0,Missing,Late 3.5,Missing,2.0,Late 3.5,Late 3.5,4.0,4.0,Missing,Missing,Missing,Missing,Missing,Missing,Missing,Missing,Late 5.0,Missing,Missing,Late 3.5,Missing,Missing,Missing,Missing,Missing,Missing,Missing,Missing,Missing,Missing,Missing,Missing,Late 3.0,Missing,Missing,Missing,Late 4.5,Missing,Late 3.5,Missing,Missing,Late 3.5,Missing,Missing,Missing,Missing,Missing,Late 4.5
seanfennessey,Missing,Missing,Missing,Missing,Missing,Missing,Missing,Missing,Missing,Missing,Missing,Missing,Missing,Missing,Missing,Missing,Missing,Missing,3.5,Missing,Missing,3.5,Missing,Missing,Missing,2.5,3.0,4.5,Missing,3.5,3.5,Missing,Missing,Missing,Missing,Missing,Missing,Missing,Missing,Missing,Missing,Missing,Late 3.5,Missing,Late 5.0,Missing,Missing,Missing,Missing,Missing,Missing,Missing,Late 4.5,Missing,Missing,Missing,Missing,Missing,Missing,Missing,Missing,Missing,Missing,Late 4.5,Missing
screeningnotes,Missing,3.0,4.0,Missing,Missing,5.0,Missing,Missing,Missing,Late 4.0,Late 5.0,Late 4.0,Missing,Late 3.0,Missing,Late 4.0,Late 3.0,4.0,Missing,Missing,Missing,Missing,Missing,3.0,3.0,Missing,Missing,Missing,Missing,Missing,5.0,Late 3.0,Missing,4.0,3.0,Missing,Missing,Missing,Late 4.0,4.0,3.0,Missing,Missing,Late 3.0,4.0,Late 3.0,Missing,Late 4.0,4.0,Missing,4.0,Late 3.0,Missing,Missing,Missing,4.0,Missing,5.0,3.0,Missing,Missing,3.0,5.0,Missing,Late 4.0
kyledunne,3.5,Missing,3.5,Late 2.5,4.0,Missing,2.5,Missing,Late 2.0,4.0,Late 3.0,3.5,5.0,3.0,Missing,3.0,3.0,3.5,Missing,Late 2.0,1.0,Missing,1.5,3.5,4.0,Missing,Missing,4.0,4.0,3.5,4.0,4.0,Missing,3.5,2.5,2.5,4.0,2.0,3.0,3.5,Missing,Late 2.0,3.5,Late 1.5,4.5,Late 3.5,3.5,4.0,4.5,3.0,3.5,Late 1.0,4.0,Late 3.5,Late 2.5,3.0,3.0,Late 5.0,2.5,Missing,Missing,Missing,Late 5.0,Late 4.0,Late 3.5
niceguys,Missing,Missing,Missing,Missing,Missing,Missing,Missing,Missing,Missing,4.5,Missing,Missing,Missing,Missing,Missing,Missing,Missing,Missing,Missing,Missing,Missing,Missing,Missing,Missing,Missing,Missing,Missing,Missing,Missing,Missing,Missing,Missing,Missing,Late 4.5,Missing,Missing,Missing,Late 4.0,Late 4.0,4.0,Missing,Missing,Missing,Missing,Late 4.0,Late 3.0,4.5,4.5,Late 3.0,3.5,4.5,Missing,Late 4.0,Late 4.0,Late 3.0,3.5,Missing,Late 4.0,Missing,Missing,Missing,Late 4.0,Missing,Late 4.0,Late 5.0
sophiaplanos,Late 1.5,4.0,Missing,Late 3.0,4.5,4.0,Missing,Missing,Late 2.5,4.5,Late 3.0,Late 3.5,Late 4.0,3.0,Missing,4.0,3.0,Missing,Late 2.5,2.0,3.0,Late 2.5,3.0,3.5,4.0,Late 4.0,Missing,Late 4.0,Missing,Late 2.5,3.5,4.0,Missing,4.0,4.0,3.5,4.0,3.5,Late 3.0,4.0,Missing,Late 3.5,4.0,Missing,Late 3.5,Missing,3.5,Late 3.5,Late 3.5,Late 3.5,3.5,Missing,Missing,Late 4.0,Missing,Missing,Missing,Late 4.0,3.5,3.5,Late 4.0,4.0,Late 3.5,Late 4.0,Late 3.5
bethanyinfilm,Missing,4.5,Missing,Missing,5.0,Missing,Missing,Missing,Late 4.0,Missing,Late 5.0,Missing,Late 3.5,4.0,Missing,Missing,4.0,Missing,Late 4.5,Late 4.0,Missing,Late 4.5,Missing,Missing,Missing,Missing,Missing,Missing,Missing,Missing,Missing,Missing,Missing,Missing,4.5,Missing,5.0,5.0,Missing,5.0,Missing,Missing,4.0,Missing,Missing,Missing,Late 5.0,Late 4.5,Late 4.5,Missing,Missing,Missing,Missing,Missing,Missing,Missing,Late 4.0,Late 4.0,Missing,Missing,Missing,Missing,Late 4.0,Missing,Missing
iovewitch,Missing,Missing,5.0,Missing,Late 5.0,4.5,Missing,Missing,Missing,Missing,Missing,Missing,Missing,4.5,Missing,Late 5.0,4.5,Missing,Late 4.0,Missing,Missing,Late 4.0,Missing,Missing,Missing,Missing,Missing,Missing,Missing,Missing,Missing,Missing,Missing,3.5,4.0,Missing,Late 5.0,Missing,Missing,Missing,Missing,Missing,Missing,Missing,Missing,Missing,Missing,Missing,Late 5.0,Missing,Missing,Late 4.5,Missing,Missing,Missing,Missing,Missing,Missing,Missing,Missing,Missing,Missing,Missing,Missing,Missing
kyloz,3.0,4.5,4.5,Late 4.0,4.5,4.0,3.5,Missing,4.5,5.0,4.0,4.5,4.0,4.5,Missing,Late 4.0,4.5,Missing,Late 3.0,3.5,2.0,Late 3.0,3.5,4.0,2.5,Late 4.5,Late 3.0,Late 4.0,Missing,Missing,Late 3.0,Missing,Missing,Missing,Missing,Missing,Missing,Missing,Missing,Missing,Missing,Missing,Late 5.0,Missing,Missing,Missing,Late 4.0,Missing,Late 4.0,Missing,Missing,Missing,Late 5.0,Late 4.0,Missing,Missing,Missing,Missing,Missing,Missing,Missing,Late 4.0,Late 4.5,Missing,Late 4.0
demyvarda,0.5,1.5,4.5,Late 2.0,4.5,3.0,2.0,2.5,Late 1.0,3.5,Late 4.0,4.0,4.0,3.5,2.0,4.0,3.5,4.5,Late 2.0,Late 1.0,Late 1.0,Late 2.0,1.5,3.0,2.5,Late 4.5,Missing,4.5,3.0,3.5,3.5,Late 3.0,Late 1.5,4.5,Missing,Missing,Late 4.0,Late 3.0,Late 3.5,Late 3.0,Late 2.5,Missing,3.5,Missing,Late 5.0,Missing,Missing,Late 2.5,Late 4.5,Late 2.5,Late 4.0,Late 3.0,Late 3.5,Missing,Missing,Missing,Late 3.0,Late 4.0,Late 1.5,4.0,Missing,Late 2.0,Late 4.0,Missing,Late 1.5
jjbjr,3.0,4.0,4.5,Late 4.0,5.0,4.0,4.5,4.0,Late 3.0,5.0,Late 5.0,Late 5.0,Late 4.5,Missing,Missing,Missing,Missing,Missing,Late 3.5,3.5,Missing,Late 3.5,Missing,Missing,3.0,4.0,3.5,4.0,4.0,3.0,4.5,3.5,Late 3.0,4.0,3.0,Late 1.5,4.0,Late 3.0,Missing,Late 3.5,Missing,Missing,Late 3.5,Late 2.0,Late 5.0,Late 2.5,Late 3.0,Late 4.0,Late 3.5,Missing,Late 5.0,Missing,Missing,Missing,Missing,Missing,Late 3.5,Late 5.0,Late 3.0,Missing,Missing,Missing,Missing,Missing,Late 3.0
alovelynite,Missing,5.0,5.0,Late 4.0,4.5,4.0,Late 4.0,4.0,Late 2.5,3.5,Late 4.0,Missing,Missing,4.0,Missing,Late 4.0,4.0,Missing,Late 2.5,2.5,2.0,Late 2.5,Late 4.0,3.0,4.5,Late 4.0,Missing,4.0,Late 4.5,3.5,3.5,4.0,Late 1.5,4.5,4.5,Late 1.5,4.0,4.0,Late 4.5,5.0,4.0,Missing,4.0,Late 1.5,Late 4.0,Late 3.0,2.5,4.5,Late 4.5,4.5,4.5,Missing,Late 3.0,Late 3.5,Missing,Late 4.0,Late 4.5,Late 2.5,Late 4.0,Late 4.5,Missing,Late 4.0,Late 3.0,Late 3.0,Late 5.0
whentheometfilm,Late 3.0,4.5,Missing,Late 3.5,4.0,Missing,Late 3.5,Missing,Missing,Late 4.5,Late 4.5,Late 3.5,Late 5.0,3.0,Missing,Late 4.5,3.0,Missing,Missing,Missing,Late 3.0,Missing,Missing,Missing,Missing,Late 5.0,Missing,Late 3.5,Missing,Missing,Late 4.0,Late 4.0,Missing,Late 4.0,Late 3.5,Late 3.0,Missing,Missing,Late 2.5,Late 3.0,Missing,Missing,Missing,Late 4.0,Late 4.0,Late 4.5,Late 3.5,Late 3.0,Late 4.5,Missing,Missing,Missing,Missing,Late 3.5,Late 3.5,Late 3.5,Late 3.0,Missing,Missing,Missing,Late 5.0,Missing,Late 4.0,Missing,Missing
phrynefisher,Missing,3.0,5.0,Missing,Late 3.0,4.0,Missing,Missing,Missing,Missing,Missing,Missing,Missing,Missing,Missing,Missing,Missing,Missing,Missing,Missing,Missing,Missing,Missing,Missing,Missing,Missing,Missing,Missing,Missing,Missing,Missing,Late 3.0,Late 3.5,4.5,Missing,Late 1.0,4.0,3.5,Late 4.0,Late 4.0,Missing,Late 4.0,Missing,Missing,Late 5.0,Late 5.0,Missing,2.5,Late 4.5,Missing,Missing,Late 2.0,Late 2.5,Missing,Missing,Late 2.5,2.0,4.5,2.5,Missing,Late 4.0,Late 3.0,Late 5.0,Late 3.5,Late 5.0
gemko,2.5,Missing,3.0,Late 3.0,3.0,3.0,Late 3.5,3.5,Late 2.5,3.0,Late 3.5,4.5,3.5,Missing,Missing,Late 2.0,Missing,3.5,Late 2.5,Late 2.5,Missing,Late 2.5,Missing,2.0,3.0,Missing,Missing,Late 3.0,Late 2.5,Missing,Late 2.0,Missing,2.5,4.5,Late 2.0,Missing,Late 2.5,Missing,3.0,3.5,Missing,Missing,3.0,Late 3.0,Missing,3.0,Late 2.5,Late 2.5,4.5,Late 2.5,3.0,Missing,3.5,3.5,3.0,3.5,3.5,3.5,Late 2.0,2.5,Missing,Late 3.0,4.0,3.5,Late 3.5
shookone,2.0,Late 0.5,2.5,Late 2.5,2.0,4.5,Late 3.5,Late 0.5,Late 1.5,4.0,Late 5.0,2.5,Late 3.0,Late 4.0,Late 2.5,Late 5.0,Late 4.0,Missing,Late 2.0,Late 0.5,Missing,Late 2.0,Late 0.5,1.5,Late 0.5,Late 4.0,Missing,Late 1.5,Late 3.0,Missing,4.0,Late 1.5,Late 2.5,Late 2.5,2.5,Late 5.0,1.5,Late 0.5,2.0,1.5,2.5,Missing,3.5,Late 1.0,Late 4.0,Late 1.0,Missing,Late 1.0,4.5,Late 1.0,4.5,0.5,1.5,Missing,Late 2.5,Late 3.5,3.5,3.5,2.5,Missing,2.5,2.5,1.5,4.0,Late 2.5
yazzjames,Missing,Late 4.0,4.5,Late 4.0,4.0,Late 3.0,Late 4.0,Missing,2.0,4.5,Late 4.5,Late 4.0,Missing,Late 2.5,Missing,Late 2.0,Late 2.5,Missing,Missing,Missing,Missing,Missing,Missing,Missing,Missing,Late 4.0,Missing,Late 4.0,Late 4.0,Missing,Late 5.0,Missing,Missing,4.0,1.5,Missing,3.5,3.5,Late 5.0,4.0,Missing,Missing,3.0,Missing,Late 4.0,Missing,4.5,Missing,Late 4.5,4.5,Late 4.0,Late 3.5,Missing,Late 3.5,Missing,Missing,Missing,Late 4.0,Missing,Late 3.0,Missing,Missing,Late 4.0,Missing,Late 4.0
hauntedhippie,Late 1.0,3.5,Late 2.0,Late 4.5,5.0,4.0,3.5,Missing,Missing,Late 5.0,Missing,3.5,Late 4.5,4.5,Missing,4.5,4.5,Missing,Late 3.5,Missing,Missing,Late 3.5,Missing,Missing,Missing,Late 5.0,Missing,Missing,Missing,Missing,Missing,Missing,Missing,Missing,Missing,Missing,Missing,Late 1.5,Missing,Missing,Late 2.5,Missing,Late 5.0,Missing,Missing,Missing,Missing,Missing,Missing,Missing,Missing,Missing,Missing,Missing,Missing,Missing,Missing,Missing,Late 2.0,Missing,Missing,Late 4.5,Missing,Missing,Late 4.0
impressionblend,2.0,4.0,5.0,3.0,4.0,4.0,4.5,Missing,4.5,4.5,3.0,4.5,5.0,3.5,2.5,4.5,3.5,4.0,4.5,4.0,2.5,4.5,Missing,4.0,3.0,Late 4.5,Missing,Late 4.5,Late 4.0,3.5,4.5,Late 3.0,Late 3.5,4.0,3.5,Missing,Late 3.0,4.0,Late 4.5,Late 4.0,Missing,Missing,4.0,Missing,Missing,Missing,4.0,Late 3.5,Late 2.0,4.5,4.0,4.5,3.5,5.0,3.0,Late 4.5,3.0,3.0,4.0,Late 2.5,Late 3.5,Missing,3.0,Missing,Late 4.5
ashmatxx,Late 1.5,3.0,5.0,Late 3.0,5.0,4.5,4.0,Missing,3.0,5.0,4.5,3.5,4.5,4.0,Missing,Late 4.0,4.0,4.5,Late 4.0,3.0,1.0,Late 4.0,3.5,4.0,4.0,Late 3.5,Missing,Late 4.5,Late 4.0,Missing,5.0,Late 3.5,Missing,4.0,3.0,1.5,4.5,Missing,Late 4.5,3.5,3.5,Missing,3.5,Missing,Late 4.0,Missing,Late 3.5,Late 3.0,Late 4.0,Missing,Late 4.5,Missing,Late 4.5,Late 5.0,Missing,Late 4.5,Late 4.5,Late 3.5,Late 3.5,Missing,Late 2.0,Late 3.5,Late 3.5,Missing,Late 4.0
jbird26,3.5,4.0,4.5,4.0,4.0,4.0,4.0,Missing,Late 4.0,4.5,Late 4.5,4.5,4.0,4.0,3.0,Late 4.0,4.0,4.0,Late 3.5,Late 3.5,3.5,Late 3.5,Late 2.5,3.5,Late 4.0,Late 4.5,Late 3.5,Late 4.0,4.0,3.5,4.5,Late 3.5,Late 4.0,4.5,3.0,Late 3.0,Missing,4.0,Late 4.5,Missing,Missing,Late 2.5,Missing,Missing,Missing,Missing,4.5,Missing,Missing,3.5,3.5,Missing,Missing,Missing,Missing,Missing,Missing,Missing,3.5,3.5,Missing,3.0,Missing,Missing,Late 4.0
mardarrius,2.5,3.0,5.0,Late 3.0,2.0,4.0,Late 3.0,Missing,3.5,4.0,Late 4.0,3.0,3.5,4.5,4.0,4.0,4.5,Missing,Late 4.0,3.0,Missing,Late 4.0,Missing,3.5,4.0,Late 4.0,Missing,4.0,Late 4.5,4.0,4.5,Missing,Missing,5.0,3.5,Missing,Missing,Missing,Late 4.5,Missing,Missing,Missing,Missing,Missing,Late 4.5,Missing,Late 4.0,Late 4.0,Late 3.0,Missing,Missing,Missing,Missing,Late 4.0,Missing,Missing,Missing,Missing,Late 3.5,Missing,Missing,Missing,Late 4.0,Missing,Late 4.0
jbouie,Missing,Missing,4.5,Missing,Missing,Missing,Missing,Missing,Late 3.5,Missing,Late 5.0,4.0,5.0,3.0,Missing,Missing,3.0,Missing,Missing,Missing,Missing,Missing,Missing,3.5,Missing,Missing,Missing,Missing,Late 3.5,Missing,Missing,Late 4.5,Late 3.5,4.5,Late 2.0,Missing,Missing,3.0,Missing,Missing,Late 2.0,Missing,Missing,Missing,Late 5.0,Late 3.5,Missing,Late 3.5,Late 4.0,Missing,Missing,Missing,Missing,Missing,Late 3.5,Missing,Missing,Missing,Missing,Missing,Missing,Late 3.5,Missing,Late 4.0,Late 4.0
sharktale,Missing,Missing,Missing,Missing,Missing,Missing,Missing,Missing,Missing,Missing,Missing,Missing,Missing,Missing,Missing,Missing,Missing,Missing,Missing,Missing,Missing,Missing,Missing,Missing,Missing,Missing,Missing,Missing,Missing,Missing,Missing,Late 3.0,Missing,Late 3.5,Missing,2.0,2.5,Missing,4.0,Late 3.5,Late 1.5,Late 3.0,3.5,Missing,Late 4.5,Missing,Missing,Late 2.0,Late 5.0,Late 4.0,5.0,Missing,Missing,Late 3.5,Missing,Late 2.5,Late 3.0,Late 4.0,3.5,Late 2.5,Missing,Late 3.5,Missing,Missing,Late 3.5
pointbreakfan,Missing,4.0,5.0,Late 3.5,4.5,4.5,Late 4.0,Missing,Missing,4.0,Late 3.5,4.0,2.5,3.5,Missing,4.0,3.5,5.0,Late 3.0,4.0,Missing,Late 3.0,3.5,4.0,3.5,Missing,Missing,Missing,3.5,Missing,3.5,4.0,Missing,4.0,Missing,3.0,4.0,4.5,Late 3.5,4.0,4.0,Late 3.0,3.0,Late 2.5,4.0,Late 2.5,4.0,4.0,4.0,5.0,4.5,4.5,5.0,4.0,3.5,4.5,4.0,3.0,4.0,3.5,Late 3.5,3.5,4.0,5.0,Missing
jakeperalta,Missing,Missing,Missing,Late 3.0,2.0,3.0,3.0,Missing,Late 2.5,2.5,2.0,4.0,4.0,Missing,Missing,Late 2.0,Missing,Late 3.0,Missing,Late 3.0,Missing,Missing,2.5,Missing,Missing,Late 4.0,Missing,Late 4.0,Late 3.5,Late 3.5,Late 4.5,Missing,Missing,3.0,1.0,Late 2.0,4.0,Missing,4.5,4.0,Missing,Missing,Missing,Late 1.0,4.0,Late 2.5,4.0,Late 3.5,4.0,3.5,3.0,Late 2.0,3.0,3.5,Missing,Late 2.5,Late 1.0,2.0,2.0,Missing,Late 2.5,Late 2.0,Late 4.0,Late 4.5,Late 4.0
citizenhal,Missing,Late 3.0,4.0,Missing,3.0,Late 2.5,Missing,Missing,Missing,Missing,Missing,Late 4.0,Missing,3.0,Missing,Missing,3.0,Late 3.0,Late 3.0,Missing,Missing,Late 3.0,Missing,3.5,4.5,Missing,Missing,Missing,Late 3.5,Missing,Missing,Missing,Missing,4.0,4.0,Missing,Missing,Missing,Missing,Missing,Late 2.0,Missing,Late 2.5,Late 2.0,Missing,Missing,Missing,Missing,Missing,Late 3.0,Late 4.0,Missing,Missing,Missing,Missing,Missing,Missing,Missing,Late 2.5,Late 2.0,Missing,Late 3.0,Missing,Missing,Late 3.5
rudimh,Missing,2.5,3.5,Missing,4.5,Missing,Missing,Missing,Missing,Late 4.0,Missing,3.5,Late 4.5,3.5,Missing,Late 3.0,3.5,Missing,Missing,Missing,Missing,Missing,Missing,Missing,Missing,Missing,Missing,Late 4.5,Missing,Missing,Missing,Missing,Missing,4.0,Missing,Missing,4.0,Late 3.5,Late 4.5,4.5,Missing,Missing,4.0,Missing,Missing,Late 3.0,Late 4.0,Late 4.5,Late 5.0,Late 4.0,Late 3.5,Missing,Missing,Missing,Missing,Missing,Late 4.5,Late 4.0,Missing,Missing,Missing,Late 3.0,Late 5.0,Missing,Missing
vontrapp,2.5,3.0,2.5,Late 2.0,3.0,3.0,Missing,Missing,3.0,3.0,Late 3.0,3.0,4.5,Missing,2.5,3.0,Missing,2.5,Late 3.0,2.5,2.0,Late 3.0,1.5,3.0,3.0,Late 3.5,Missing,3.5,3.0,2.5,3.5,1.0,Late 2.5,3.0,1.5,Missing,3.0,3.0,3.0,Missing,2.0,Late 1.5,2.0,Late 2.0,4.5,Late 2.0,3.0,2.5,4.0,2.5,4.0,Late 1.0,3.5,2.5,Late 2.0,Missing,2.5,4.5,Missing,Missing,Missing,Missing,Late 4.0,Missing,Late 4.0
austinburke,Missing,Missing,5.0,Late 4.0,Missing,4.5,Missing,Missing,3.5,Missing,Missing,4.5,4.5,4.5,Missing,3.5,4.5,4.0,4.0,4.0,3.0,4.0,3.5,4.5,3.5,4.5,3.5,4.5,4.5,3.5,4.0,4.5,Late 3.5,4.5,4.5,3.5,5.0,3.5,Late 4.5,4.5,4.0,Late 3.5,4.5,Late 4.5,Late 4.0,Late 4.0,Late 4.5,4.5,4.5,4.5,Late 5.0,Late 4.5,Missing,Late 5.0,Missing,Late 5.0,Missing,Late 4.0,Late 4.5,Late 4.5,Missing,Missing,Missing,Late 4.5,Late 4.5
dahans,Late 2.5,3.5,5.0,Late 3.5,4.5,4.0,Late 4.0,4.0,Late 3.5,5.0,Late 4.5,5.0,5.0,Late 3.0,Missing,4.0,Late 3.0,Missing,Late 4.0,Late 3.0,Late 2.5,Late 4.0,3.0,Late 3.5,4.5,Late 5.0,Missing,Late 4.5,Late 4.5,Late 3.5,Late 4.0,Missing,Missing,Late 4.5,Late 3.5,Missing,Late 3.5,Late 2.5,Missing,Late 3.5,Missing,Missing,Missing,Missing,Late 5.0,Missing,Missing,Late 3.5,Late 4.5,Missing,Missing,Missing,Missing,Missing,Missing,Missing,Late 4.5,Late 4.5,Missing,Missing,Missing,Missing,Missing,Late 3.5,Missing
cevangelista413,Missing,3.0,3.5,Missing,Missing,4.0,Missing,Missing,Late 3.0,4.5,4.5,4.0,Missing,Missing,Missing,3.5,Missing,5.0,Missing,3.0,Missing,Missing,Missing,2.5,4.5,Late 4.5,Missing,4.5,Missing,4.0,3.5,3.5,Late 4.0,4.5,4.0,4.0,4.0,Missing,5.0,4.5,3.5,Late 3.0,4.0,3.5,4.5,4.0,Late 3.0,3.5,4.5,4.0,4.5,Late 2.5,5.0,Missing,3.0,3.5,4.5,Missing,2.0,3.5,Missing,2.5,5.0,4.0,Late 3.5
flynnryder,Late 0.5,4.0,5.0,Late 3.0,Missing,Missing,Late 2.5,Missing,Missing,3.5,4.0,3.0,Late 3.5,4.0,Missing,Late 3.5,4.0,3.5,Late 2.5,2.0,Late 2.5,Late 2.5,Missing,Late 4.0,2.5,Missing,Missing,Missing,Late 2.0,Missing,Missing,4.5,Missing,Late 3.5,Late 3.5,Late 3.0,4.0,Late 3.5,Late 3.0,Late 3.0,3.5,Late 2.5,4.0,Missing,Late 4.5,Missing,Late 4.0,Late 4.5,Late 4.0,Late 3.5,Missing,Missing,Missing,Late 4.5,Late 4.5,Late 4.0,Missing,Late 1.5,4.0,Late 4.0,Late 3.5,Late 3.5,Late 3.5,Late 3.5,Late 4.5
jakealdacoffey,3.0,4.5,4.5,Late 4.0,4.0,3.0,4.0,4.0,3.5,4.5,5.0,Missing,4.0,3.5,2.0,Missing,3.5,4.0,Late 3.0,2.5,2.5,Late 3.0,2.5,4.0,2.5,5.0,2.0,4.0,5.0,4.5,4.5,3.5,3.0,4.5,3.5,4.0,5.0,4.0,2.5,4.5,3.5,Late 3.5,4.5,Late 3.0,4.5,1.0,Missing,Missing,Missing,4.5,Missing,Missing,Missing,Missing,Missing,4.0,Missing,Late 4.0,Missing,3.5,Missing,3.5,4.0,4.5,Missing
adaydreaming,1.0,Missing,1.0,Late 5.0,4.5,4.5,Late 4.5,Late 4.0,Late 1.5,4.5,Missing,Missing,4.0,4.5,2.0,0.5,4.5,3.5,Late 3.5,Late 1.0,Late 1.5,Late 3.5,Late 1.5,Late 4.5,Late 2.0,Late 3.5,Missing,Late 4.5,Late 4.0,Missing,Late 4.0,Missing,Missing,Missing,Missing,Missing,Missing,Missing,Missing,Late 4.5,Missing,Missing,Missing,Missing,Missing,Missing,Missing,Missing,Late 5.0,Missing,Late 4.0,Missing,Late 2.5,Late 5.0,Missing,Missing,Missing,Late 4.5,Missing,Missing,Late 2.0,Missing,Late 5.0,Missing,Missing
cathyk,Missing,Missing,Missing,Missing,Missing,Missing,Missing,Missing,Missing,Missing,Missing,3.5,3.0,3.0,Missing,4.5,3.0,Missing,Late 3.5,Missing,Missing,Late 3.5,1.0,Missing,3.5,Missing,Missing,Late 4.0,4.0,Missing,Missing,Missing,Missing,4.0,Missing,2.0,3.5,3.5,4.0,4.0,Missing,Late 4.0,4.0,Late 2.5,4.5,Late 4.0,4.0,4.0,4.0,3.5,3.5,3.0,Missing,4.5,3.5,Late 4.0,Missing,Late 4.0,1.5,Missing,4.0,Missing,Late 4.5,Late 4.5,Late 4.0
briantt,3.5,3.5,4.0,4.0,4.0,5.0,4.5,Missing,3.0,4.5,5.0,4.5,4.5,3.5,2.0,3.0,3.5,4.5,4.0,3.0,1.0,4.0,3.0,2.5,3.0,3.5,2.5,4.0,4.0,3.5,4.0,Late 3.5,4.0,4.0,2.5,2.5,4.0,Missing,5.0,4.0,3.5,Late 2.5,4.0,2.5,5.0,3.5,4.5,4.0,5.0,3.5,4.5,Late 3.5,5.0,4.0,4.0,4.0,4.5,3.0,2.5,4.0,2.5,3.0,5.0,3.5,Late 4.5
theblogosfear,Missing,Missing,Missing,Missing,Missing,Missing,Missing,Missing,Missing,Missing,Missing,Missing,Missing,Missing,Missing,Missing,Missing,Missing,Missing,Missing,Missing,Missing,Missing,Missing,Missing,Missing,Missing,Missing,Missing,Missing,Missing,Missing,Missing,Missing,Missing,Missing,Missing,Missing,Missing,Missing,Missing,Missing,Missing,Missing,Missing,Missing,2.5,Missing,Missing,Missing,Missing,Missing,Missing,Missing,Missing,Missing,Missing,Missing,Missing,Missing,Missing,Missing,Late 4.0,Missing,Late 3.0
annanomaly,3.5,4.0,5.0,Late 2.5,4.5,5.0,3.5,Late 5.0,Late 2.5,4.0,Late 4.0,5.0,5.0,3.5,3.5,5.0,3.5,Late 4.0,Late 4.5,3.5,2.5,Late 4.5,3.0,4.5,3.5,Late 4.0,Missing,3.5,4.0,4.5,3.5,Late 2.5,Late 3.0,4.0,4.0,3.5,4.5,Missing,Late 3.5,4.0,2.0,Late 2.5,4.0,Late 2.5,4.5,Late 4.5,4.0,3.5,3.5,4.5,4.0,Late 3.5,4.5,3.5,2.0,4.0,3.5,2.5,3.0,3.5,4.0,4.0,4.5,5.0,Late 4.0
letmeexplain,Missing,Missing,Missing,Missing,4.0,4.5,Missing,4.0,4.0,Missing,Missing,Missing,4.0,3.5,Missing,4.0,3.5,4.0,Missing,Missing,Missing,Missing,Missing,Missing,3.5,4.0,Missing,4.0,Missing,4.0,Missing,3.0,Missing,Missing,4.0,4.5,Missing,Missing,Missing,4.0,Missing,Missing,Missing,Missing,Missing,Missing,Missing,Missing,Missing,Missing,Missing,Late 3.5,Late 3.5,Missing,Missing,Missing,Late 4.0,Missing,3.5,Missing,Missing,3.0,Missing,4.5,Missing
zaragwen,Late 1.5,Missing,4.0,Missing,4.0,Missing,Missing,Missing,Missing,Late 4.0,Late 3.0,4.0,Late 3.0,3.5,Missing,Late 4.5,3.5,Late 4.0,Late 3.0,Late 3.5,2.5,Late 3.0,3.5,3.5,3.5,Missing,Missing,Missing,Late 4.0,Late 3.5,Late 4.0,4.5,Missing,5.0,5.0,Late 1.0,Late 4.5,Late 4.0,Late 4.0,Late 4.0,4.0,Late 3.0,Late 4.0,Late 2.5,Late 5.0,Late 4.0,Late 4.0,Late 4.0,Late 4.0,Late 4.0,4.5,Late 4.0,Late 4.0,Late 5.0,Missing,Late 4.5,Late 4.5,Late 3.5,Late 5.0,Late 3.5,Late 4.0,Late 3.5,Late 4.5,Late 3.0,Late 4.0
chrisvfeil,1.5,2.5,4.0,Late 3.0,4.0,4.0,3.5,4.5,3.0,3.5,4.0,4.0,5.0,2.0,4.0,3.5,2.0,3.0,3.5,2.0,2.5,3.5,3.0,4.0,3.5,4.0,Late 2.0,4.5,4.0,4.0,3.5,2.5,4.0,4.0,1.5,1.0,4.0,4.0,4.5,4.0,Missing,Late 3.5,4.0,Late 3.5,4.5,4.5,4.0,3.5,4.5,4.0,2.0,2.5,4.0,4.5,0.5,3.0,1.0,4.5,Missing,3.0,4.0,3.5,Late 5.0,4.5,Late 4.0
chloeac,Missing,Late 4.5,Missing,Missing,Missing,Missing,Late 4.0,Missing,Late 2.5,Missing,Missing,Late 5.0,Late 4.0,4.0,Missing,Missing,4.0,Late 4.0,Late 2.5,Missing,Missing,Late 2.5,Missing,Missing,Late 4.0,Missing,Missing,Missing,Missing,Missing,Missing,Late 4.0,Missing,Missing,Missing,Late 2.5,3.0,5.0,Missing,Late 4.0,4.0,Late 4.5,Late 4.5,Missing,Missing,Late 4.0,Missing,Late 4.5,Missing,Late 5.0,Missing,Late 3.5,Missing,Missing,Late 4.0,Late 4.0,Missing,Late 4.0,Late 3.5,Missing,Missing,Late 4.5,Late 4.5,Missing,Missing
lucyskeet,Missing,Missing,Missing,Missing,Late 4.5,Missing,Missing,Missing,Missing,Late 4.5,Late 4.5,Late 4.5,Missing,Late 4.0,Missing,Missing,Late 4.0,Missing,Missing,Missing,Missing,Missing,Missing,Missing,Late 4.0,Missing,Missing,Late 4.0,Missing,Missing,Late 3.5,Late 4.0,Missing,4.5,3.0,Late 3.5,3.0,Late 4.0,Late 4.5,Late 4.0,Missing,Late 3.0,4.5,Missing,Late 4.5,Missing,Missing,4.0,Late 3.5,Late 3.5,4.5,Late 5.0,Late 4.5,Late 4.5,Missing,Late 4.0,Late 5.0,Late 3.0,Missing,Late 3.5,Late 5.0,Late 4.0,Late 4.5,Missing,Late 5.0
oppenmommy,2.0,4.0,5.0,Late 3.0,3.0,4.5,4.0,Missing,3.5,5.0,Missing,4.0,4.5,4.0,Missing,4.5,4.0,Missing,Late 3.5,3.0,2.0,Late 3.5,3.5,Missing,3.5,Late 4.0,Missing,Missing,4.0,3.5,3.5,Late 3.5,Missing,Late 4.5,Late 3.0,Missing,Late 4.0,Late 3.5,Missing,Late 4.0,Missing,Missing,Missing,Missing,Late 4.5,Late 3.5,Late 3.5,Late 3.0,Late 4.5,Missing,Missing,Missing,Late 4.0,Late 3.0,Missing,Missing,Missing,Late 3.5,Late 1.0,Missing,Missing,Late 2.5,Late 3.5,Late 3.0,Late 4.0
reibureibu,Missing,Missing,Missing,Missing,Missing,Missing,Missing,Missing,Missing,Missing,Missing,Missing,4.5,0.5,Missing,Late 4.0,0.5,Missing,Missing,Missing,Missing,Missing,Missing,Missing,Missing,Missing,Missing,Missing,Missing,Missing,Late 4.0,Missing,Missing,4.0,Missing,Missing,Missing,Missing,Missing,Missing,Missing,Missing,Missing,Missing,Late 4.0,Missing,Missing,Missing,Late 5.0,Missing,Late 4.0,Missing,Missing,Missing,Missing,Late 4.0,Missing,Missing,Missing,Missing,Missing,Missing,Missing,Missing,Missing
behaind,1.5,2.5,3.5,Late 3.0,4.0,Missing,4.0,Missing,Late 3.0,4.0,Late 5.0,Missing,Late 3.0,1.0,Missing,Late 2.0,1.0,3.5,Late 3.5,Late 2.5,2.5,Late 3.5,4.0,2.5,4.0,Late 4.0,Missing,Late 4.0,Late 4.0,Late 3.5,4.0,4.0,Missing,3.0,3.0,Missing,3.5,3.5,Missing,3.5,2.5,Missing,4.0,Late 2.5,Missing,Missing,Missing,Late 3.5,Missing,Late 4.0,Missing,Missing,Missing,Missing,Missing,Missing,Missing,Missing,Missing,Missing,Missing,Missing,Missing,Missing,Missing
martinisheen,Missing,Missing,4.0,Missing,4.0,3.5,Missing,Missing,Late 2.0,Missing,Late 4.5,Missing,Missing,Late 3.5,Missing,Missing,Late 3.5,5.0,Missing,Missing,Missing,Missing,Missing,Missing,Missing,Missing,Missing,Missing,Missing,Missing,Missing,Missing,Missing,Late 4.0,Missing,Missing,4.5,Late 4.0,Missing,Missing,Late 0.5,Missing,Missing,Missing,Missing,Missing,Missing,Late 4.0,Missing,Late 4.0,Missing,Missing,Missing,Missing,Late 3.5,Missing,Missing,Missing,Late 1.5,4.5,Missing,Missing,Late 3.5,Missing,Late 5.0
tylercwhitmore,Late 1.0,3.5,5.0,Late 2.0,3.5,4.5,Late 2.5,Missing,2.5,4.5,Late 4.5,4.5,3.5,4.5,3.0,4.5,4.5,4.0,Late 3.0,Late 2.0,Late 2.0,Late 3.0,Late 2.5,Late 3.5,Late 2.5,Late 5.0,Missing,Late 4.0,Missing,Missing,Late 4.5,Late 3.5,Missing,Late 4.0,Late 4.5,Late 3.5,Late 4.0,Late 4.5,Missing,Missing,Late 3.5,Missing,Late 3.5,Late 2.5,Late 4.5,Late 2.5,Late 5.0,Late 3.5,Late 4.0,Late 3.0,Late 4.0,Missing,Late 4.0,Late 3.5,Missing,Late 4.0,Missing,Late 3.5,Late 3.0,Missing,Missing,Late 2.5,Late 3.5,Missing,Late 3.5
punchdrunklizzy,Late 0.5,Missing,Missing,Missing,4.5,Missing,Missing,Missing,Missing,Missing,Missing,3.5,Missing,4.0,Missing,Missing,4.0,3.0,Late 3.0,Missing,1.5,Late 3.0,Missing,Missing,Late 3.0,Missing,Missing,Missing,Missing,Missing,3.5,Missing,Late 2.0,Missing,2.0,Late 2.0,Late 2.5,4.0,Missing,Missing,Missing,Missing,4.5,Missing,Late 3.5,Missing,Missing,Late 4.0,Late 4.5,Missing,Late 4.0,Missing,Late 3.5,Missing,Missing,Missing,Late 3.0,Missing,Missing,Missing,Missing,Missing,Missing,Missing,Missing
jacobknight,3.5,Missing,Missing,3.0,4.0,5.0,Late 3.0,Missing,Missing,Missing,4.0,4.0,Missing,3.5,Missing,5.0,3.5,4.0,3.5,Missing,2.5,3.5,4.0,4.0,Missing,Missing,2.5,Missing,4.0,3.0,Missing,4.0,Missing,3.5,4.0,2.0,4.0,3.0,Late 4.0,4.0,1.5,Missing,4.0,3.5,4.5,Late 4.5,3.5,4.0,4.5,4.0,3.0,4.0,4.0,5.0,3.5,4.0,4.5,3.5,3.0,Missing,Missing,Late 3.5,Late 4.5,4.0,Late 3.5
brianformo,4.5,Missing,3.5,3.0,3.5,3.5,4.0,3.0,2.5,Missing,4.0,4.0,5.0,Late 1.0,2.0,2.5,Late 1.0,4.0,4.0,Missing,2.5,4.0,2.5,3.0,3.5,4.0,Missing,3.5,Missing,3.5,4.0,3.0,2.5,4.0,3.0,2.0,3.5,2.5,5.0,4.0,2.0,Late 3.5,3.0,2.5,Missing,2.5,2.5,3.0,4.0,2.0,3.0,4.0,3.0,Missing,Late 3.0,3.5,3.0,Late 2.5,1.5,2.0,1.5,Late 2.5,Late 5.0,2.5,2.5
nolanscheetz,Missing,3.5,4.0,Missing,4.0,4.5,Late 3.5,Missing,Late 3.0,3.5,Missing,5.0,4.5,4.5,Missing,5.0,4.5,Missing,Late 4.5,Late 3.0,3.5,Late 4.5,Late 2.0,Missing,5.0,Late 4.5,Late 4.0,Late 4.5,Late 4.0,Missing,Missing,3.5,Missing,5.0,Late 2.5,Late 3.0,Missing,Late 3.5,Late 4.5,Late 4.0,Late 4.0,Late 2.5,Late 4.0,Late 3.0,Late 2.5,Late 4.0,Late 3.5,Late 4.0,Missing,Late 4.0,Missing,Late 4.0,Late 5.0,Late 4.5,Late 2.5,Missing,Late 5.0,Late 5.0,Late 3.5,Late 2.0,Missing,Late 4.0,Late 3.5,Late 4.0,Late 4.0
darkestparadise,Missing,Missing,4.0,Missing,5.0,4.0,Missing,Missing,Missing,Late 3.0,Late 3.0,Late 4.5,Late 2.0,Late 3.0,Missing,Late 5.0,Late 3.0,Missing,Missing,Missing,Missing,Missing,Missing,Late 4.0,Late 3.0,Missing,Missing,Missing,Missing,Missing,Late 3.0,Missing,Missing,Late 5.0,Late 3.5,Missing,Missing,Missing,Missing,Missing,Missing,Missing,Missing,Missing,Late 5.0,Missing,Missing,Late 3.5,Late 4.5,Missing,Late 4.0,Missing,Late 3.0,Missing,Missing,Missing,Late 3.5,Late 1.5,Late 3.0,Missing,Missing,Missing,Late 5.0,Missing,Late 2.5
peterstanley,Late 1.0,Late 2.0,3.0,Missing,2.5,3.0,Late 2.5,Missing,Late 2.0,Late 1.5,Missing,Missing,Late 3.0,3.0,Missing,Late 2.0,3.0,Missing,Late 2.5,Missing,Missing,Late 2.5,Missing,2.0,Missing,Late 3.5,Missing,Late 3.5,Missing,Missing,Late 3.0,Missing,Missing,2.0,4.0,Missing,Missing,Late 1.5,Late 2.5,3.0,Missing,Missing,Late 3.0,Missing,Late 3.5,Missing,Missing,Late 2.0,Late 3.0,Missing,Late 3.0,Late 4.0,Late 3.0,Late 3.0,Missing,Missing,Missing,Late 2.5,Late 2.5,Missing,Missing,Late 2.5,Late 3.0,Missing,Late 3.0
lastcooldude,Late 1.0,Late 2.0,5.0,Late 4.0,4.0,5.0,Late 3.0,2.0,Late 3.0,Late 4.0,Late 3.0,5.0,Late 3.0,4.0,Missing,Late 4.0,4.0,Missing,Late 4.0,Late 3.0,Late 2.0,Late 4.0,Late 2.0,5.0,4.0,Late 4.0,Missing,Late 4.0,Late 4.0,Missing,Late 4.0,4.0,Late 1.0,3.0,3.0,Late 3.0,4.0,3.0,Late 5.0,3.0,3.0,Missing,5.0,Late 1.0,Late 4.0,Late 1.0,4.0,Late 4.0,4.0,5.0,5.0,4.0,4.0,Late 5.0,Late 2.0,Late 3.0,Late 5.0,5.0,5.0,4.0,Late 4.0,4.0,Late 3.0,Late 4.0,Late 3.0
itissofi,Missing,Late 4.0,5.0,Late 4.0,3.5,Missing,Missing,Missing,Missing,Missing,Missing,Late 4.5,Missing,4.0,Missing,Missing,4.0,Missing,Missing,Missing,Missing,Missing,Missing,Missing,Missing,Late 4.0,Missing,4.5,Missing,Missing,Missing,Late 4.0,Missing,4.0,4.0,Late 3.0,Missing,Late 4.0,Missing,Missing,Missing,Missing,Missing,Late 3.0,Missing,Missing,Missing,Missing,Missing,Missing,Missing,Missing,Missing,Missing,Missing,Late 4.0,Missing,Late 4.5,Late 3.5,Late 3.5,Late 4.0,Late 3.5,Late 5.0,Missing,Late 4.0
kevinyang,1.5,3.5,3.5,Late 1.5,Missing,3.5,3.0,Missing,3.0,4.5,3.5,4.0,4.0,3.5,2.5,3.0,3.5,Late 3.5,Late 2.0,2.5,Missing,Late 2.0,1.5,4.0,3.0,4.0,Missing,4.5,4.0,3.5,3.5,3.5,Late 2.5,4.0,Missing,3.0,3.5,3.5,3.5,3.0,2.0,3.0,3.0,2.0,4.0,Late 3.0,3.5,3.5,4.0,3.5,3.5,2.0,4.5,4.0,1.0,4.0,4.0,4.0,1.0,3.5,Late 3.5,Missing,4.0,Late 4.0,Late 3.5
blackswannss,Missing,Missing,Missing,Missing,5.0,Missing,Missing,Missing,Missing,Missing,Missing,Late 5.0,Missing,4.5,Missing,Late 5.0,4.5,Missing,Missing,Missing,Missing,Missing,Missing,Missing,Missing,Late 5.0,Missing,Missing,Missing,Missing,Missing,Missing,Missing,Late 4.5,Late 4.0,Missing,Missing,Missing,Missing,Missing,Missing,Missing,Late 5.0,Missing,Late 5.0,Missing,Missing,Late 4.0,Missing,Missing,Missing,Late 4.0,Missing,Missing,Missing,Missing,Missing,Missing,Missing,Missing,Missing,Missing,Missing,Missing,Missing
willhollis,Late 1.5,Late 4.0,4.5,Late 3.5,4.0,4.0,Late 5.0,Missing,Late 4.0,Late 4.0,Late 4.0,Missing,Missing,Missing,Missing,Missing,Missing,Missing,Missing,Missing,Missing,Missing,3.0,4.0,4.5,Missing,Missing,Missing,Missing,Missing,4.5,4.5,Late 4.0,4.0,4.0,Missing,Missing,Missing,Missing,Late 2.5,Missing,Missing,Late 4.0,Late 3.0,Late 4.0,Missing,Missing,Missing,Missing,Missing,Late 4.0,Late 3.5,Missing,Missing,Late 4.0,Missing,Missing,Late 4.5,Missing,Late 3.5,Missing,Missing,Missing,Missing,Late 3.0
nickwibert,Late 1.5,Late 2.5,3.5,Late 3.0,3.0,3.5,3.5,Missing,3.0,4.0,Late 4.0,4.0,4.0,3.0,Missing,3.5,3.0,4.5,Late 3.0,Missing,Missing,Late 3.0,3.0,Missing,4.0,Missing,Missing,Late 4.0,4.0,Missing,4.0,3.0,Missing,4.0,3.0,2.0,3.0,Missing,Late 4.0,4.0,3.0,Missing,3.0,Missing,4.0,Missing,4.0,Late 3.5,4.0,Late 3.0,4.0,Missing,5.0,Late 3.5,Missing,Missing,4.5,Late 4.5,Late 3.0,3.0,Late 4.5,Late 3.5,Missing,Missing,Late 3.5
riley_danson,0.5,3.0,5.0,Late 2.5,4.5,4.5,3.5,Missing,2.0,3.0,4.5,4.5,4.5,3.5,1.5,Late 3.0,3.5,4.5,Late 3.5,2.5,1.0,Late 3.5,Late 2.0,4.0,4.0,Late 3.5,Missing,Late 4.0,Late 4.0,Missing,4.5,3.5,Late 2.0,4.0,3.5,Late 2.5,4.0,2.5,Late 4.0,4.5,2.0,Late 2.5,2.5,Missing,Late 5.0,Late 2.5,4.0,3.5,Late 4.5,4.0,4.5,Late 3.0,Late 4.5,Missing,3.0,4.0,4.0,4.5,1.5,3.0,Missing,Late 2.5,5.0,Late 4.0,Late 4.5
mitchell,1.5,Missing,2.0,Missing,1.5,4.0,4.0,Missing,Late 2.0,3.5,Missing,3.5,3.0,2.0,Missing,1.5,2.0,Late 4.0,Late 3.5,1.5,1.5,Late 3.5,Late 2.0,2.5,2.5,4.0,2.5,4.0,3.5,4.0,4.0,3.0,Missing,3.5,1.0,1.5,Late 2.0,Late 3.0,Late 4.5,2.0,Late 1.0,Missing,3.0,Missing,3.5,Late 2.0,4.0,Late 1.0,4.0,2.5,2.0,1.5,5.0,3.0,3.5,4.0,1.5,4.0,1.5,2.5,3.5,3.0,Late 3.5,2.0,Late 3.0
neorapp,Missing,Missing,Missing,Missing,Missing,3.5,Late 3.5,Missing,Missing,4.0,Missing,Missing,Missing,Missing,Missing,Late 3.5,Missing,Missing,Missing,Missing,Missing,Missing,Missing,Late 3.0,Missing,Missing,Missing,Missing,Missing,Missing,Missing,Missing,Missing,Missing,Late 3.5,Missing,Missing,Missing,Missing,Missing,Late 3.5,Missing,Missing,Missing,Missing,Missing,Missing,Missing,Missing,Late 3.0,Late 4.5,Missing,Missing,Missing,Missing,Missing,Missing,Late 3.0,Late 4.0,Missing,Missing,Missing,Missing,Missing,Missing
fint,4.0,Missing,Missing,Missing,Missing,Missing,Late 3.0,Missing,Late 3.5,Late 3.5,Late 4.0,4.5,Late 4.5,4.0,Missing,Missing,4.0,Missing,Missing,Late 3.0,3.0,Missing,Late 3.0,4.0,3.5,Late 4.5,Late 4.0,Missing,Missing,Missing,Late 4.5,Missing,Missing,3.5,Late 4.0,Late 4.0,3.5,Late 2.5,Late 4.0,Missing,Missing,Missing,3.0,Late 3.0,Late 5.0,Late 4.0,Late 3.5,Missing,Late 3.5,Late 2.5,Missing,Missing,Missing,Late 4.0,Late 2.5,Missing,5.0,Missing,Late 2.5,Late 2.5,Late 3.5,Late 3.0,Missing,Late 3.5,Missing
jeremy_crabb,2.0,3.0,Missing,3.5,5.0,4.0,4.0,3.5,Late 4.0,3.0,3.5,4.5,4.5,4.0,2.5,5.0,4.0,4.0,Late 3.5,4.5,2.5,Late 3.5,2.0,Missing,3.5,4.5,2.0,5.0,3.0,3.5,3.5,4.5,Late 3.0,4.5,5.0,2.0,5.0,3.5,3.5,4.5,4.5,Late 3.5,4.0,Late 3.0,Late 4.5,Late 3.0,4.0,3.5,Late 3.0,4.5,4.5,5.0,5.0,4.5,4.0,4.5,4.0,3.5,4.5,4.0,4.0,4.0,4.0,4.5,Late 4.5
heredicarrie,0.5,3.0,5.0,Late 3.0,5.0,4.0,Late 4.5,Missing,Late 2.5,5.0,Late 4.5,4.5,4.0,4.5,2.0,Late 3.0,4.5,Late 3.0,Late 2.0,Missing,Missing,Late 2.0,Late 2.5,Missing,Missing,Missing,Missing,Late 4.0,Missing,Missing,Late 4.5,Missing,Missing,Late 4.5,Late 4.5,Missing,Missing,Missing,Missing,Missing,Missing,Missing,Missing,Missing,Late 5.0,Missing,Missing,Missing,Late 3.0,Missing,Late 4.0,Missing,Late 4.0,Missing,Missing,Missing,Late 3.5,Missing,Missing,Missing,Missing,Missing,Late 5.0,Missing,Missing
jefleppard,Missing,Missing,Missing,Missing,Missing,Missing,Missing,Missing,Missing,Missing,Missing,Missing,Missing,Missing,Missing,Missing,Missing,Missing,Missing,Missing,Missing,Missing,Missing,Missing,Missing,Missing,Missing,Missing,Missing,Missing,Missing,Missing,Missing,Missing,Missing,Missing,Missing,Missing,Missing,Missing,Missing,Missing,Missing,Missing,Missing,Missing,Late 3.0,Missing,Late 4.0,Late 3.5,Late 3.5,Missing,Missing,2.5,Missing,Late 3.5,Late 3.0,Missing,2.5,Missing,2.5,Missing,Missing,Missing,Late 3.5
trey_northcutt,Late 0.5,5.0,5.0,Late 3.5,4.5,5.0,Late 4.5,Missing,Late 3.0,4.5,Late 4.5,4.0,Late 4.5,3.0,2.5,3.5,3.0,4.5,Late 3.5,Late 2.5,Late 1.5,Late 3.5,3.0,4.0,4.5,Late 4.0,Missing,4.5,3.5,3.5,4.5,Late 4.0,Late 3.5,4.5,4.0,Late 3.0,4.0,3.5,Late 4.0,4.0,3.0,Late 4.0,4.0,Late 4.0,Late 4.5,Late 4.0,4.5,3.5,Late 4.5,3.5,4.0,Late 4.5,Late 4.5,Late 4.0,Late 4.0,Late 4.0,Late 3.5,4.5,3.5,3.5,Late 2.5,Late 3.5,Late 4.5,Late 4.0,Late 4.0
bennhorror,Missing,Missing,4.0,Late 3.5,5.0,4.5,Missing,Missing,Missing,Missing,Missing,Missing,Missing,4.0,Missing,Late 3.5,4.0,Missing,Missing,Missing,Missing,Missing,Missing,Missing,Missing,Missing,Missing,Missing,Missing,Missing,Missing,Missing,Missing,Missing,Missing,Missing,Missing,Missing,Missing,Missing,Missing,Missing,Missing,Missing,Missing,Missing,Missing,Missing,Missing,Missing,Missing,Late 4.5,Missing,Missing,Missing,Missing,Missing,Missing,Missing,Missing,Missing,Missing,Missing,Missing,Missing
jackwakelin,2.5,3.5,4.5,Late 3.0,4.5,4.0,3.5,Missing,Late 3.5,5.0,Late 4.0,4.0,Late 4.5,3.5,Late 3.0,Late 4.0,3.5,Late 4.0,Late 3.5,Late 3.0,2.5,Late 3.5,2.5,4.0,4.0,Late 4.5,Missing,Late 5.0,Missing,4.0,4.5,4.0,Late 3.5,Late 3.5,4.5,Late 2.5,4.0,4.5,Late 4.0,5.0,Missing,Late 4.0,5.0,Late 3.0,Late 4.0,Late 3.5,Late 5.0,Late 4.5,Late 5.0,Missing,Missing,Missing,Missing,Missing,Missing,Missing,Missing,Late 4.5,Missing,Missing,Missing,Late 3.5,Late 4.0,Missing,Late 4.0
phntmthrd,3.0,3.0,3.0,Late 3.0,3.0,3.0,3.5,Missing,3.0,Missing,4.0,3.0,3.5,2.0,Missing,4.0,2.0,Missing,Late 2.5,2.5,Missing,Late 2.5,2.5,Missing,2.5,Late 2.5,Missing,Late 3.5,3.5,3.0,3.5,Late 2.0,Late 1.5,3.0,2.0,Late 2.5,3.5,3.0,4.0,4.5,3.0,Late 1.0,4.0,Late 1.0,Late 4.5,Late 2.0,Missing,Late 3.5,Missing,Missing,Missing,Missing,Late 4.5,Missing,Missing,Missing,Missing,Late 4.0,Late 3.5,Missing,Missing,Missing,Late 4.5,Missing,Missing
jotyco,2.0,3.0,3.5,Late 3.0,4.0,2.5,5.0,Late 4.0,3.0,4.0,4.5,4.0,3.5,3.5,3.5,1.0,3.5,3.0,3.0,3.5,3.5,3.0,3.5,2.0,2.0,3.0,3.0,3.5,5.0,3.0,4.0,Late 3.0,Late 3.0,3.0,2.5,1.0,4.0,4.0,5.0,3.5,Missing,Late 1.0,2.0,Late 3.0,Missing,3.0,Missing,4.0,4.0,2.0,1.0,Late 1.0,Late 4.0,Missing,Missing,Missing,Late 2.0,Missing,Missing,Missing,Missing,Missing,Late 5.0,Missing,Late 3.0
bigmeller,Missing,Missing,5.0,Missing,4.0,4.0,Missing,Missing,Missing,5.0,4.5,Late 4.0,Late 3.0,3.5,Missing,Late 5.0,3.5,Missing,Late 3.0,Late 2.0,Missing,Late 3.0,Missing,4.0,4.0,Late 5.0,Missing,Late 3.5,Missing,Missing,4.5,Late 3.5,Missing,Late 4.5,Missing,Missing,Missing,Missing,Late 4.0,Missing,Missing,Missing,Missing,Missing,Late 2.0,Missing,Missing,Missing,Missing,Missing,Missing,Missing,Late 3.5,Late 4.5,Missing,Late 3.5,Missing,Missing,Missing,Missing,Missing,Missing,Late 4.0,Missing,Missing
carygrcnt,Late 1.5,3.5,5.0,Late 3.0,4.0,3.5,Late 4.0,Missing,Late 2.0,5.0,Late 4.0,5.0,5.0,3.5,Late 1.0,Late 3.5,3.5,4.0,Late 3.0,3.0,2.0,Late 3.0,2.0,3.5,4.0,4.5,Missing,5.0,4.0,4.0,5.0,Late 4.0,Late 3.0,4.5,5.0,Late 3.0,Missing,Late 4.5,Late 4.0,Missing,Missing,Late 3.5,Missing,Missing,Late 5.0,Missing,Late 4.0,Late 4.0,Late 5.0,Missing,Missing,Late 4.0,Late 4.0,Late 4.0,Missing,Missing,Missing,Late 3.5,Missing,Missing,Late 5.0,Missing,Late 4.5,Missing,Late 4.0
scrumblebunny,Missing,3.5,2.0,Late 4.0,5.0,4.5,Missing,3.5,Late 3.0,Late 3.5,Late 4.5,5.0,Late 3.0,Late 4.5,Missing,Missing,Late 4.5,Late 3.5,Late 4.5,Missing,Missing,Late 4.5,Missing,Missing,Late 2.0,Late 5.0,Missing,Missing,Late 3.5,Missing,Missing,4.0,Missing,4.0,5.0,Late 1.5,4.5,Missing,Missing,4.0,4.5,Late 3.5,3.5,Late 3.0,Late 2.0,Late 3.5,4.5,Late 4.5,Late 3.5,4.5,4.5,Late 4.0,3.5,Missing,3.0,5.0,Late 3.5,4.0,4.0,4.5,Late 4.5,4.0,Late 2.0,4.5,Late 4.5
alaynaviolet,3.5,4.5,4.5,2.5,5.0,3.5,Late 4.0,Missing,Late 2.0,4.0,3.5,4.0,3.0,Missing,4.0,Late 5.0,Missing,Late 4.0,Missing,Late 3.0,Late 3.0,Missing,Missing,Missing,3.0,Late 4.0,Missing,Late 4.0,Late 5.0,4.0,5.0,Missing,Missing,Late 4.0,Missing,3.0,5.0,3.0,Missing,5.0,Missing,Late 4.0,4.0,Missing,Late 4.0,Late 3.0,Late 4.0,Missing,Late 4.0,Late 3.0,Missing,Missing,Missing,Late 4.0,Missing,Missing,Missing,Late 4.0,Missing,Missing,Late 4.0,Missing,Late 4.0,Missing,Missing
rpj,Late 1.0,Late 3.0,4.5,Late 3.0,3.0,2.0,Late 3.0,Missing,Late 3.0,4.0,Late 4.5,5.0,3.5,2.5,3.0,Late 1.0,2.5,Late 2.0,Late 3.5,Missing,Missing,Late 3.5,Missing,Missing,Missing,Missing,Missing,Missing,Missing,Missing,Missing,Late 4.0,Missing,Missing,Late 4.0,Missing,Missing,Missing,Missing,Missing,Missing,Missing,Missing,Missing,Late 5.0,Missing,Late 4.0,Missing,Missing,Missing,Missing,Missing,Missing,Missing,Missing,Missing,Missing,Missing,Missing,Missing,Missing,Missing,Missing,Missing,Missing
cherryz,Missing,Missing,Missing,Missing,4.0,Missing,Missing,Missing,Missing,Missing,Missing,Missing,Missing,3.0,Missing,Missing,3.0,Missing,Missing,Missing,Missing,Missing,Missing,Missing,Missing,Missing,Missing,Missing,Missing,Missing,Missing,Missing,Missing,Late 3.5,Missing,Missing,Missing,Missing,Missing,Missing,Missing,Missing,4.0,Missing,Missing,Missing,Missing,Missing,Missing,Missing,Missing,Missing,Missing,Missing,Missing,Missing,Missing,Missing,Late 4.0,4.0,Missing,Late 3.5,Missing,Missing,Missing
astoehr,Missing,Missing,Missing,Missing,Missing,Missing,Missing,Missing,Missing,Missing,Missing,Missing,Missing,Missing,Missing,Missing,Missing,Missing,Missing,Missing,Missing,Missing,Missing,Missing,Missing,Missing,Missing,Missing,Missing,Missing,Missing,Missing,Missing,Missing,Missing,Late 1.0,3.0,Missing,Late 4.0,3.0,Missing,Missing,3.0,Late 2.0,Late 3.5,Late 3.0,Missing,Missing,3.0,Late 1.5,Missing,Missing,3.0,2.5,Missing,3.0,Missing,3.0,Missing,Missing,Missing,Missing,3.5,2.5,Late 2.5
dannywebster,Missing,Missing,3.0,Missing,Missing,3.5,Missing,Missing,Missing,Missing,Missing,Missing,Missing,Missing,Missing,Missing,Missing,Missing,Missing,Missing,Missing,Missing,Missing,Missing,Missing,Missing,Missing,Late 3.5,Missing,Missing,Missing,Missing,Missing,Missing,Missing,Missing,Missing,Missing,Missing,Late 3.5,Missing,Missing,Missing,Missing,Missing,Missing,Missing,Missing,Missing,Missing,4.0,Missing,Missing,3.5,Missing,4.0,Missing,Missing,3.0,3.0,Missing,4.0,4.0,Missing,Late 4.0
locarbmonster,Missing,Missing,5.0,Late 3.5,5.0,4.0,4.0,Late 4.5,Late 3.5,Missing,Missing,4.0,Late 3.0,4.0,Missing,Missing,4.0,Late 4.5,Late 2.0,Missing,Missing,Late 2.0,Missing,3.5,Missing,Missing,Missing,Late 3.5,4.5,Missing,Late 4.0,4.0,Missing,4.5,4.5,Missing,5.0,Missing,Late 5.0,5.0,4.5,Missing,4.0,Missing,Missing,Late 4.0,4.0,Late 4.5,Late 4.0,Missing,4.5,Late 3.5,Late 4.0,4.5,Late 4.0,4.5,3.0,Late 4.0,4.5,Missing,Missing,Late 4.0,Missing,Missing,Missing
tdm5003,Missing,Missing,3.5,Missing,4.0,4.0,Late 3.5,Missing,Missing,Late 4.0,Missing,4.0,Missing,4.0,Missing,Missing,4.0,Missing,Late 3.0,Missing,Missing,Late 3.0,Missing,3.5,Missing,Missing,Missing,Missing,Missing,Missing,4.0,4.0,Missing,4.0,4.0,3.5,4.0,3.0,Missing,3.5,4.0,Missing,4.0,Late 2.0,Late 2.5,Late 3.5,4.5,4.0,Late 4.5,3.5,Late 5.0,Late 4.5,Missing,Missing,Missing,Late 4.5,Missing,Missing,Late 4.5,Missing,Missing,Late 4.0,Missing,Missing,Missing
theanglosaxon,Late 2.0,Late 3.5,5.0,Late 4.0,4.5,Missing,Late 3.5,Late 4.5,Late 4.0,Late 5.0,Late 4.5,Late 4.0,Late 4.0,Late 4.5,Missing,Late 4.0,Late 4.5,Late 4.5,Late 3.5,Late 4.0,Late 3.0,Late 3.5,Late 3.5,Late 4.0,Missing,Late 4.5,Missing,Missing,Late 4.0,Missing,Late 5.0,Late 4.0,Late 3.0,Late 4.0,Late 4.0,Late 3.0,Late 5.0,Late 3.5,Missing,Late 4.0,Missing,Late 3.5,Late 4.5,Late 3.5,Late 4.5,Late 3.0,Missing,Late 4.0,Missing,Missing,Late 4.5,Late 5.0,Late 5.0,Missing,Late 4.0,Missing,Late 4.5,Late 3.5,Late 3.5,Missing,Late 3.0,Late 3.5,Late 4.5,Late 4.0,Missing
wraithape,Missing,Missing,5.0,Missing,4.0,Missing,Missing,Missing,Missing,Missing,Missing,Late 4.5,Missing,Late 2.5,Missing,Missing,Late 2.5,Missing,Missing,Missing,Missing,Missing,Missing,2.5,Missing,Missing,Missing,Missing,Missing,Missing,Missing,Missing,Missing,Missing,Missing,Missing,Missing,Missing,Missing,Missing,Missing,Missing,Missing,Missing,Missing,Missing,Missing,Missing,Missing,Missing,Missing,Late 2.5,Missing,Missing,Missing,Late 4.0,4.5,Missing,Late 3.0,Missing,Missing,Missing,Missing,Missing,Late 4.0
carter1331,Late 2.5,4.0,5.0,Late 4.0,4.5,3.5,5.0,Missing,Late 3.0,4.5,Late 4.0,5.0,Missing,Late 3.5,Missing,4.5,Late 3.5,Missing,Missing,5.0,Missing,Missing,Late 3.0,4.5,Late 4.5,Missing,Missing,Missing,Late 4.5,Late 3.0,Late 3.5,Late 3.5,Missing,Late 4.5,Missing,Missing,Missing,Missing,Missing,Late 4.5,Late 3.5,Missing,Late 4.0,Missing,Missing,Missing,Missing,Late 4.0,Late 4.0,Missing,Late 4.0,Late 5.0,Missing,Missing,Missing,Missing,Late 4.0,Late 4.5,Late 3.0,Missing,Late 3.5,Late 3.5,Missing,Missing,Missing
willmoviefan97,3.5,4.0,Missing,Late 4.0,4.5,Missing,4.0,3.5,4.0,4.5,4.0,4.5,4.5,4.0,Late 3.5,4.0,4.0,Late 4.0,Late 4.0,4.5,2.5,Late 4.0,3.5,4.5,3.5,Late 4.5,3.5,4.5,4.0,4.0,4.5,4.5,Late 3.5,4.5,4.5,Late 4.0,5.0,4.5,Late 4.0,4.5,4.0,Late 3.5,4.0,Late 4.0,Late 4.5,Late 3.5,4.5,4.5,Late 4.5,4.5,4.5,4.5,5.0,4.5,3.5,4.5,4.5,4.0,Missing,4.0,4.0,4.0,Late 4.0,Missing,Missing
nicknaney,2.5,2.5,4.0,Late 3.5,4.0,4.0,3.0,Late 4.0,3.0,3.5,Late 4.0,4.0,5.0,1.5,Missing,4.0,1.5,5.0,Late 4.0,Missing,Missing,Late 4.0,3.0,3.0,4.0,Missing,Missing,4.5,3.5,Missing,4.0,3.5,Missing,3.5,3.5,4.0,4.0,3.0,4.0,3.5,3.5,Late 2.5,3.5,Missing,3.5,3.0,2.5,3.0,4.5,3.0,4.0,Missing,3.5,3.5,2.5,Late 4.0,1.5,4.0,Late 3.0,3.0,Late 2.5,Late 3.5,3.5,Missing,Late 4.0
daveleedu,Missing,5.0,5.0,Late 5.0,Missing,Late 3.5,Late 4.0,4.0,Late 3.0,Late 5.0,Late 3.5,5.0,Missing,4.5,Missing,Late 5.0,4.5,Missing,Late 4.0,Late 4.0,Late 3.0,Late 4.0,3.0,4.5,Late 3.0,Late 4.5,Missing,Late 5.0,Late 4.0,Missing,4.0,Late 5.0,Missing,Late 5.0,4.5,Late 3.0,Late 5.0,Late 4.0,Late 4.5,Late 4.0,Missing,Missing,Late 3.5,Late 4.0,Late 3.5,Missing,Missing,Missing,Missing,Missing,Missing,Missing,Missing,Missing,Missing,Missing,Missing,Late 3.0,Missing,Late 3.5,Missing,Missing,Missing,Missing,Missing
whateverokay,Missing,Missing,Missing,Missing,5.0,5.0,Missing,Missing,Missing,5.0,Missing,Late 4.0,Missing,4.0,Missing,3.0,4.0,Late 4.0,Late 3.0,Missing,Late 2.0,Late 3.0,Late 3.5,Missing,4.0,Missing,Missing,Missing,Late 5.0,Missing,Missing,Missing,Missing,Late 4.5,Late 3.5,Missing,Late 4.0,Missing,Missing,Missing,Missing,Missing,5.0,Missing,Late 2.5,Missing,5.0,4.0,Late 5.0,Missing,4.5,Late 4.5,Late 5.0,Late 4.0,Late 4.0,Late 5.0,Late 4.0,4.0,Late 3.0,4.0,Missing,Missing,Late 4.0,Missing,Late 4.5
christofn,2.5,Late 3.0,2.5,Late 3.0,3.5,3.5,Late 3.0,Missing,Late 3.5,4.0,Late 4.0,4.0,Late 4.5,4.0,3.5,Late 3.0,4.0,3.5,Late 2.5,Late 2.5,3.0,Late 2.5,Late 3.0,4.0,4.5,Late 4.5,Late 3.5,Late 3.5,Late 4.0,4.0,4.0,Late 3.0,Missing,4.5,Missing,Missing,Missing,Missing,Missing,Missing,Missing,Missing,Missing,Missing,Missing,Missing,Missing,Missing,Missing,Missing,Late 4.0,Missing,Missing,Missing,Missing,Missing,Missing,Missing,Missing,Late 1.5,Missing,Missing,Missing,Missing,Missing
calum_marsh,Missing,Late 2.5,2.0,Missing,1.0,4.0,Missing,Missing,Missing,Missing,Missing,3.5,Missing,2.0,Missing,Missing,2.0,Missing,2.5,Missing,Missing,2.5,Late 3.0,3.5,Missing,Missing,Missing,Missing,Missing,Missing,Missing,Late 4.0,Missing,1.0,4.0,Late 3.0,4.5,1.0,4.0,Missing,Missing,Missing,1.5,3.0,Missing,Missing,Missing,Missing,2.0,3.0,2.0,Missing,3.0,Missing,Late 2.5,Missing,Missing,1.5,2.5,Missing,Missing,Missing,Missing,Late 3.0,Missing
sprizzle,Missing,Missing,Missing,Missing,4.0,3.0,Missing,4.5,Late 4.0,Missing,Late 5.0,4.0,3.5,3.0,Missing,Late 2.5,3.0,4.5,Late 4.0,Missing,Missing,Late 4.0,Missing,Late 2.0,4.0,Late 4.0,Missing,4.0,Late 4.0,1.5,3.5,Missing,Missing,4.0,3.5,Missing,Late 2.5,3.0,4.5,4.5,Missing,Missing,3.0,Late 2.5,5.0,4.0,4.0,Late 3.0,2.5,3.0,Missing,Late 2.0,Late 4.0,Late 2.5,Missing,4.0,Missing,4.5,3.0,Missing,Late 2.5,2.5,3.5,3.0,Late 4.0
genatossio30001,Late 0.5,Missing,Missing,Late 3.0,Missing,Missing,Late 2.5,Missing,Missing,Missing,Late 2.5,Late 4.5,4.0,3.0,Missing,Late 1.5,3.0,Missing,Late 2.0,Late 1.0,Missing,Late 2.0,Missing,Missing,4.0,Missing,Missing,4.0,4.0,Missing,3.5,Missing,Missing,Missing,Missing,Late 2.5,Missing,Missing,Missing,Missing,Missing,Missing,Missing,Missing,Late 4.0,Missing,Late 3.0,Late 3.5,Late 4.0,Late 3.5,Missing,Missing,Late 4.0,Missing,Missing,Missing,Late 4.5,Late 4.5,Missing,Missing,Missing,Missing,Late 4.5,Late 3.5,Missing
jackking888,2.0,3.5,5.0,Late 3.5,4.0,4.0,Late 4.0,Missing,Late 2.5,Late 5.0,Late 3.0,Late 4.0,Late 4.0,Missing,Late 3.5,Late 4.5,Missing,Late 4.0,Missing,Missing,Missing,Missing,Missing,Missing,Missing,Missing,Missing,Missing,Missing,Missing,Late 4.5,Late 4.5,Missing,Late 5.0,Late 5.0,Missing,Missing,Missing,Missing,Late 4.5,Late 4.0,Late 2.0,Late 4.0,Late 5.0,Late 3.5,Missing,Missing,Missing,Late 4.0,Missing,Late 4.0,Late 4.5,Late 4.0,Missing,Missing,Late 5.0,Late 4.0,Late 5.0,Late 4.0,Late 3.0,Missing,Late 3.5,Missing,Missing,Late 3.5
jewbees12,Late 2.0,Missing,Missing,Late 3.5,4.5,Missing,Late 4.5,Missing,Late 3.5,Late 3.5,Late 4.0,5.0,Late 4.5,4.0,Missing,Late 3.5,4.0,Missing,Missing,Missing,3.0,Missing,Missing,Missing,Late 3.5,Missing,Missing,Late 4.0,Missing,Missing,4.0,Missing,Missing,4.5,4.5,Missing,Missing,Missing,Missing,Missing,5.0,Missing,5.0,Missing,Late 4.5,Missing,5.0,Late 3.5,Late 5.0,Late 4.0,Late 4.5,Late 3.5,Late 5.0,5.0,Missing,Missing,Missing,Late 5.0,5.0,Missing,Missing,Missing,Late 5.0,Missing,Late 4.5
entlauber,Missing,Missing,Missing,Late 2.5,3.5,4.5,Missing,Missing,Late 2.0,Missing,Late 3.0,Late 1.5,Missing,3.5,Missing,Missing,3.5,3.0,Missing,Missing,Missing,Missing,3.5,3.5,Missing,Missing,Missing,Late 3.0,Missing,Missing,Missing,Late 4.5,Missing,Late 3.5,2.0,Late 4.0,Late 3.0,Missing,Missing,Late 3.5,Late 3.5,Missing,Late 3.0,Missing,Late 4.5,Late 3.5,Missing,Late 3.5,Missing,Late 2.5,Late 4.5,Missing,Late 3.0,Late 3.5,Late 2.5,Late 3.5,Late 3.5,Missing,3.5,Missing,Missing,Late 2.0,Missing,Late 3.0,Late 4.5
billgriff,0.5,Missing,3.0,Late 2.5,5.0,4.0,4.0,Missing,Late 3.5,Late 4.0,Late 4.5,4.0,4.5,3.5,Missing,3.0,3.5,4.0,Late 3.0,4.0,1.5,Late 3.0,1.0,3.0,3.5,Late 4.5,Missing,Late 5.0,Late 4.5,Late 4.0,4.5,Missing,Late 4.0,Late 3.0,Late 2.5,Missing,Missing,Late 3.5,Missing,Missing,Missing,Missing,Missing,Missing,Late 4.5,Missing,Missing,Missing,Late 3.5,Missing,Missing,Missing,Late 5.0,Missing,Missing,Missing,Late 4.0,Late 4.5,Missing,Missing,Late 4.0,Missing,Late 4.0,Missing,Late 3.0
pondragon,Missing,Missing,Missing,Missing,4.0,3.5,Late 0.5,4.5,Missing,Missing,Late 2.5,5.0,4.5,3.5,Missing,Late 4.5,3.5,Missing,Late 2.0,3.5,2.0,Late 2.0,Late 3.5,Missing,2.0,Missing,Missing,5.0,Late 4.0,Missing,4.0,3.5,Missing,4.0,3.0,Late 2.0,Missing,3.5,Late 4.0,4.0,Missing,Late 2.0,4.5,Missing,Late 4.0,Late 3.0,Late 4.0,4.5,Missing,5.0,Missing,Missing,Late 3.0,4.0,Missing,Missing,5.0,4.0,3.5,3.0,Missing,Missing,Late 5.0,Late 3.5,Late 4.0
aliciadaphnex,0.5,Late 3.0,4.0,Late 3.0,Missing,Missing,Late 3.0,Late 2.5,Late 2.5,Late 4.0,Late 4.5,Late 5.0,Late 3.5,Late 3.5,Late 1.0,Missing,Late 3.5,Late 4.5,Late 2.5,Missing,Missing,Late 2.5,Missing,Late 4.0,Late 3.5,Late 4.5,Late 3.5,Late 3.5,Late 5.0,Late 4.0,Late 4.5,Missing,Missing,Late 2.5,4.5,Missing,Missing,Late 4.0,Missing,Missing,Missing,Late 2.5,Late 4.0,Missing,Late 4.5,Missing,Late 4.0,Missing,Late 3.0,Late 4.0,Missing,Missing,Late 1.0,Late 4.0,Missing,Late 4.0,Late 4.0,Missing,Missing,Late 2.5,Late 4.0,Missing,Missing,Missing,Late 3.0
h4nnuh,Missing,5.0,3.5,Missing,Late 5.0,Missing,Late 5.0,Missing,Missing,Late 4.0,Late 3.0,Missing,Missing,Late 3.5,Missing,Missing,Late 3.5,Missing,Missing,Missing,Missing,Missing,Missing,Missing,Late 3.0,Missing,Missing,Missing,Missing,Missing,Missing,Missing,Missing,Missing,Late 4.0,Missing,Missing,Missing,Missing,Missing,Late 3.0,Missing,Missing,Missing,Missing,Missing,Missing,Late 3.0,Missing,Missing,Late 4.0,Missing,Missing,Late 3.5,Missing,Missing,Missing,Missing,Late 4.0,Missing,Missing,Missing,Late 4.0,Missing,Missing
greg_wood,Missing,Missing,Late 4.0,Late 4.0,Missing,Late 3.0,Late 3.0,Missing,Late 5.0,Late 3.0,Late 3.0,Late 3.0,Late 3.5,Late 3.5,Late 4.5,Late 4.0,Late 3.5,Missing,Late 3.0,Late 4.0,Late 4.0,Late 3.0,Late 4.0,Late 4.0,Late 4.0,Late 3.0,Late 5.0,Late 5.0,Late 4.0,Late 4.0,Late 4.0,Missing,Late 3.0,Late 3.5,Late 3.0,Late 3.0,Late 4.0,Late 3.5,Late 3.5,Late 3.0,4.0,Missing,4.0,Late 3.0,Late 4.0,Late 4.0,3.5,Late 4.0,Late 4.5,Missing,3.0,Late 4.0,Late 4.0,Late 4.0,Missing,Late 3.0,Late 4.0,Late 4.0,Late 5.0,Late 3.0,Late 3.0,Late 5.0,Late 4.0,Missing,Late 5.0
therealbat,Missing,Missing,4.5,Missing,Missing,Missing,Missing,Missing,Missing,Late 4.0,Missing,Missing,Missing,Late 3.5,Missing,Missing,Late 3.5,Missing,Missing,Late 3.0,Missing,Missing,Missing,Missing,Missing,Missing,Missing,Missing,Missing,Missing,Missing,Missing,Missing,Late 4.5,Late 5.0,Missing,Missing,Missing,Missing,Missing,Late 4.5,Missing,Late 4.0,Missing,Missing,Missing,Missing,Missing,Missing,Missing,Late 4.0,Late 4.0,Missing,Missing,Missing,Missing,Missing,Late 3.5,Late 3.5,Missing,Missing,Missing,Missing,Missing,Missing
mumbles,Missing,Missing,3.5,Missing,Missing,4.5,Missing,Missing,Missing,Missing,Missing,3.5,4.0,3.0,Missing,Late 3.0,3.0,Missing,Late 3.0,Missing,Missing,Late 3.0,Late 4.0,2.0,4.5,Late 4.5,Missing,Missing,Missing,Missing,Late 3.5,Late 3.5,Late 3.0,Late 3.0,4.5,Late 3.5,Missing,Missing,Missing,3.0,2.5,Late 3.5,3.5,Late 2.5,Late 3.5,Late 3.0,Late 3.5,Late 3.0,Late 3.0,Late 2.5,4.0,Missing,Late 4.0,Missing,Late 2.5,5.0,Late 3.5,5.0,3.5,4.0,Late 4.0,3.5,Late 3.0,Late 4.0,Late 4.0
rockmarooned,3.0,3.0,3.5,3.0,4.0,4.0,4.0,3.5,3.5,4.0,4.0,4.0,3.5,3.5,Missing,4.0,3.5,Late 3.5,3.5,2.5,2.0,3.5,3.5,3.5,4.0,Late 3.5,Missing,Late 4.0,Late 3.5,3.0,3.5,3.5,Late 3.5,4.0,2.5,3.5,3.0,3.0,3.5,4.0,3.5,Late 2.0,4.0,Late 2.5,4.0,4.0,3.5,4.0,4.5,3.5,4.0,Missing,4.0,4.0,3.0,4.0,3.0,4.0,3.5,3.0,Missing,3.5,Missing,4.0,Late 4.0
tommysyk,Missing,Missing,Missing,Missing,Missing,Missing,Missing,Missing,Missing,Missing,Missing,Missing,Missing,Missing,Missing,Missing,Missing,Missing,Missing,Missing,Missing,Missing,Missing,3.5,Missing,Late 4.5,Missing,Late 4.5,Late 4.0,Missing,4.5,4.0,Missing,3.5,4.0,Late 3.5,4.0,Late 3.0,Late 4.0,3.0,4.5,Late 3.5,3.5,Late 3.0,Late 4.0,Late 2.5,4.0,Late 3.5,Late 2.5,4.0,4.5,5.0,Late 4.0,4.5,3.0,4.0,3.0,3.5,4.5,3.0,3.5,3.0,Late 2.0,4.0,Late 5.0
realhenryb,1.0,3.5,4.0,4.0,3.5,1.5,4.0,3.5,3.0,2.0,0.5,4.0,4.0,3.5,3.5,4.5,3.5,5.0,Late 4.0,4.0,2.5,Late 4.0,3.5,4.5,3.5,Late 3.5,Missing,3.0,3.5,3.5,4.0,3.5,3.0,2.5,0.5,Missing,Late 4.0,Missing,4.0,Late 4.0,Late 3.0,Missing,Late 3.0,Missing,Missing,Missing,Missing,Missing,Missing,Late 5.0,Missing,Missing,Missing,Missing,Missing,Late 4.0,Late 2.0,Missing,Missing,Missing,Missing,Late 3.5,Late 3.5,Late 1.5,Missing
etienneone,Missing,Missing,Missing,Missing,4.0,4.0,Late 3.0,Missing,Missing,Missing,Late 4.5,Late 3.5,Late 3.0,Late 3.0,Missing,Late 3.5,Late 3.0,Missing,Missing,Missing,Missing,Missing,Missing,Missing,Missing,Missing,Missing,Missing,Missing,Missing,3.5,Late 4.0,Missing,Missing,4.5,Missing,3.5,2.0,Missing,Late 3.0,3.5,Missing,3.0,Missing,Late 3.5,Missing,4.0,Late 3.5,Late 3.5,Missing,4.0,Missing,Missing,Late 4.0,Missing,Missing,Missing,Missing,Missing,Missing,Missing,Missing,Missing,Missing,Missing
dannyboyff,Missing,Late 4.0,5.0,Late 4.0,5.0,Missing,Late 4.0,Missing,Late 3.0,5.0,Late 5.0,5.0,Late 5.0,Late 4.0,Missing,Late 3.0,Late 4.0,Missing,Late 3.0,Late 4.0,Late 4.0,Late 3.0,Late 2.0,3.0,Late 4.0,Late 4.0,Missing,Late 4.0,Late 4.0,Missing,Late 4.0,4.0,Late 3.0,5.0,5.0,Late 4.0,4.0,Late 3.0,Late 4.0,5.0,4.0,Late 4.0,4.0,Late 3.0,Late 4.0,Late 3.0,Missing,Late 4.0,4.0,5.0,Late 5.0,Missing,Missing,Missing,Late 4.0,Missing,Late 4.0,Late 4.5,Late 5.0,Late 5.0,Late 4.0,Late 3.0,Late 5.0,Missing,Late 4.0
nickatkinson,Late 1.5,Late 3.0,5.0,Missing,4.0,4.5,Late 3.5,Missing,Missing,Missing,Late 1.5,Missing,Late 3.5,5.0,Missing,Missing,5.0,Missing,Missing,Missing,Missing,Missing,Missing,Late 3.5,Late 4.5,Missing,Missing,Missing,Late 3.5,Missing,Missing,Late 4.5,Late 1.5,Late 4.5,Late 3.0,Missing,Missing,Late 4.0,Missing,4.5,Late 3.5,Missing,Late 3.5,Late 3.5,Late 4.0,Missing,Missing,Missing,Missing,Late 5.0,4.0,Missing,Missing,Missing,Late 3.0,Late 4.0,Late 4.0,Late 4.5,Missing,Missing,Missing,Late 3.5,Missing,Missing,Late 1.0
ashleepradella,3.0,4.5,4.5,Late 3.5,4.5,5.0,4.5,Missing,3.5,3.5,4.0,4.0,4.0,4.0,Missing,Late 4.5,4.0,Missing,Late 3.5,4.5,3.0,Late 3.5,3.0,3.5,3.0,Missing,Late 3.0,Late 4.0,3.0,3.0,3.5,Missing,Missing,Late 4.5,Late 4.0,Missing,Missing,Late 4.5,Missing,Missing,Late 3.5,Missing,Missing,Missing,Late 3.5,Late 3.0,Missing,Missing,Missing,Late 4.5,Late 3.5,Missing,Missing,Late 3.0,Missing,Late 3.0,Late 4.5,Missing,Late 4.0,Missing,Missing,Missing,Missing,Missing,Missing
justjoshings,1.5,4.5,5.0,Late 4.0,5.0,4.0,Late 4.5,Missing,4.0,5.0,Late 5.0,4.5,4.5,4.0,Missing,3.5,4.0,4.5,Late 4.0,3.5,Missing,Late 4.0,2.5,Missing,2.0,Late 4.0,Missing,4.5,Missing,Late 4.0,5.0,Late 4.0,Missing,Late 4.5,Missing,Missing,Missing,Missing,Missing,Late 5.0,Missing,Missing,Missing,Missing,Late 5.0,Missing,Late 3.5,Missing,Missing,Late 4.0,Missing,Missing,Late 4.5,Late 4.5,Missing,Missing,Missing,Late 4.0,Missing,Missing,Missing,Late 4.5,Late 4.0,Late 3.0,Late 5.0
sublimeken,Late 1.5,Missing,4.5,Late 3.0,4.5,3.5,Late 3.5,Missing,Late 2.5,Missing,Late 3.5,Late 4.0,Late 4.0,3.5,Missing,Late 4.0,3.5,Late 4.5,Late 3.0,Late 3.0,Missing,Late 3.0,Late 2.5,3.5,Late 4.0,Late 4.0,Late 4.0,Late 4.5,Late 4.0,Missing,Late 4.5,Late 4.5,Late 3.5,4.0,4.0,Late 3.0,Late 3.5,Missing,Late 4.0,3.5,4.0,Late 3.5,4.5,Late 3.5,Late 4.5,Late 3.5,Late 4.0,Late 3.5,Late 4.5,Late 4.0,4.5,Late 4.0,Late 4.5,Late 4.0,Late 4.0,Late 4.5,Late 4.0,Late 4.5,3.5,3.5,4.5,4.0,Late 3.5,Late 3.5,Late 4.5
seamus_malek,Missing,Missing,Missing,Missing,1.5,Late 3.5,Missing,Missing,Missing,Missing,Late 3.5,Missing,Missing,Missing,Missing,Late 2.5,Missing,3.0,Missing,Missing,Missing,Missing,Missing,Missing,Missing,Missing,Missing,Missing,Missing,Missing,Missing,Missing,Missing,Missing,Late 1.5,Late 2.0,Missing,Missing,Late 3.5,Missing,Missing,Missing,Missing,Missing,Missing,Missing,Missing,Missing,Missing,Late 1.5,Missing,Missing,Missing,Missing,Late 2.5,Missing,Missing,Missing,Missing,Missing,Missing,Missing,Missing,Missing,Missing
rebeccajohnsonx,Late 2.5,3.5,5.0,Late 3.5,4.5,4.0,Late 4.5,Missing,Late 4.0,Late 4.5,Late 4.0,4.0,4.5,4.0,Missing,Late 4.5,4.0,Missing,Late 3.5,3.5,3.0,Late 3.5,Late 3.5,3.5,4.0,Late 4.0,Late 3.5,Missing,Late 4.0,3.5,4.5,4.5,Missing,4.0,4.5,Late 1.5,5.0,4.0,Late 4.0,4.0,Late 3.5,Late 3.5,Late 4.0,Late 3.5,Late 3.5,Missing,Late 4.0,Late 4.5,Late 4.5,Late 4.5,Late 4.0,Late 4.0,Late 4.0,Late 4.5,Missing,Missing,Late 4.0,Missing,Missing,Missing,Late 4.5,Late 3.5,Late 4.0,Late 4.0,Late 4.5
martyk0015mp,Late 0.5,3.0,5.0,Late 4.0,Late 3.0,3.0,Late 3.5,3.5,Late 2.0,Missing,Missing,Late 4.0,Late 4.5,Missing,Missing,Late 4.5,Missing,Missing,Late 5.0,Missing,Missing,Late 5.0,4.0,4.5,4.0,Late 4.5,Missing,Late 4.5,Late 3.5,4.0,Late 5.0,5.0,Missing,5.0,5.0,Late 3.0,Missing,Missing,Missing,Missing,Late 3.0,Missing,Late 4.5,Missing,Late 2.5,Missing,Missing,Late 5.0,Missing,Missing,Missing,Missing,Missing,Missing,Late 4.0,Missing,Missing,Missing,Late 2.5,Late 3.5,Missing,Late 3.5,Missing,Missing,Late 4.5
jackheavin,Late 1.5,4.5,5.0,Late 4.5,4.5,4.0,Late 4.0,Missing,Late 3.0,Late 4.5,Late 4.0,Late 4.0,Missing,3.5,Missing,Late 5.0,3.5,Missing,Missing,Missing,Missing,Missing,Missing,Missing,Missing,Late 4.0,Missing,Missing,Missing,Missing,Late 4.5,Missing,Missing,Late 4.0,Late 5.0,Missing,Late 4.5,Missing,Missing,Late 4.0,Missing,Missing,Missing,Missing,Late 4.5,Missing,Missing,Late 4.5,Late 4.0,Missing,Late 5.0,Late 4.5,Late 4.0,Late 4.0,Missing,Missing,Missing,Missing,Late 4.0,Missing,Missing,Late 4.0,Missing,Missing,Late 4.0
moviemegs,Missing,5.0,4.5,Missing,4.0,Missing,Late 4.5,Missing,Missing,Missing,Missing,3.5,Late 4.0,4.5,Missing,Late 4.0,4.5,Missing,Late 2.5,Missing,Missing,Late 2.5,Missing,Missing,Late 3.5,Missing,Missing,Missing,Missing,Missing,Late 4.0,Missing,Missing,Missing,Missing,Missing,Missing,Missing,Missing,Missing,Late 4.0,Missing,Missing,Missing,Missing,Missing,Missing,Late 4.0,Missing,Missing,Missing,Missing,Missing,Missing,Late 4.0,Missing,Missing,Missing,Late 5.0,Missing,Missing,Late 3.5,Missing,Missing,Missing
hirxeth,Missing,Missing,Missing,Missing,Missing,Missing,Missing,Missing,Missing,Missing,Missing,Late 4.5,Missing,Missing,Missing,Missing,Missing,Missing,Late 3.0,Missing,Missing,Late 3.0,Missing,3.0,3.0,Missing,Missing,Late 4.5,Missing,Missing,Late 4.5,Missing,Missing,Late 3.5,3.5,Missing,3.0,3.0,Missing,Late 4.0,2.0,Missing,3.0,Missing,Late 4.0,Missing,3.0,Late 3.5,Late 4.0,Late 3.0,Missing,Missing,Missing,Late 4.0,Late 3.0,Missing,Late 4.0,Late 4.5,Late 3.0,Missing,Late 3.5,Missing,Late 5.0,Missing,Missing
slutlv,Missing,Missing,Missing,Missing,4.0,Missing,Late 3.5,Missing,Missing,Missing,Missing,Missing,Missing,Missing,Missing,Missing,Missing,Missing,Missing,Missing,Missing,Missing,Missing,Missing,Missing,Missing,Missing,Missing,Missing,Missing,Missing,Missing,Missing,Missing,Missing,Missing,Late 3.0,Missing,Missing,Late 4.0,Missing,Missing,Late 3.5,Missing,Missing,Missing,Missing,Missing,Missing,Missing,Missing,Missing,Missing,Missing,Missing,Missing,Missing,Missing,Missing,Missing,Missing,Missing,Missing,Missing,Missing
kalvinlying,Late 1.0,Late 4.0,5.0,Late 4.0,4.5,3.5,Late 4.0,Missing,Late 2.5,Late 4.5,Late 4.0,Late 4.0,Late 4.0,Late 3.5,Missing,Late 4.5,Late 3.5,Missing,Late 4.0,Late 3.5,Missing,Late 4.0,Late 1.0,4.0,Late 2.5,Late 4.0,Missing,Late 4.0,Missing,Missing,4.0,Late 3.0,Missing,Missing,Missing,Missing,3.5,Missing,Late 4.5,Late 4.0,Missing,Missing,3.5,Missing,Late 4.0,Missing,Missing,Missing,Missing,Late 4.0,Missing,Missing,Late 4.0,Late 4.5,Missing,Late 4.0,Late 4.5,Missing,2.5,Missing,4.0,Missing,Missing,Missing,Missing
erspamer_matt,Missing,2.5,2.5,Late 2.5,3.5,4.0,Late 3.0,Missing,Late 3.0,3.5,Late 4.0,3.0,4.0,2.0,Missing,Missing,2.0,4.0,Late 3.5,2.0,2.5,Late 3.5,Missing,3.5,4.5,Late 3.5,Missing,3.5,3.0,Missing,Missing,Late 3.5,Late 2.5,3.0,2.0,2.5,3.0,3.0,4.0,4.0,Missing,Missing,3.0,Late 2.5,4.5,Late 3.5,3.0,Late 2.0,Late 3.5,Missing,2.0,3.0,4.0,Missing,3.5,4.0,Missing,3.5,1.5,3.0,Missing,Late 3.0,4.5,3.0,Late 3.0
_lydiogames,Late 1.5,Late 2.5,1.0,Late 2.5,4.0,Missing,Late 3.5,Late 4.0,Late 2.0,1.0,Late 1.0,4.0,1.5,2.0,Missing,Missing,2.0,2.0,Late 4.5,Late 3.5,Late 2.5,Late 4.5,4.0,Missing,Late 2.0,Late 3.0,Missing,Late 3.5,Late 3.5,Late 3.5,Late 3.0,Missing,Late 2.5,3.5,1.5,Missing,1.0,Missing,Late 2.5,4.0,2.0,Missing,3.0,Missing,Late 3.5,Missing,Late 3.0,Missing,2.0,3.0,Late 2.5,Missing,Late 3.0,Missing,Missing,Missing,Late 3.0,Late 3.5,Late 0.5,Late 2.0,Missing,Missing,Late 2.0,Missing,Late 2.0
jakie_jake,Missing,3.5,3.5,Missing,3.5,4.5,Missing,Missing,Missing,Late 3.5,Missing,4.0,Late 4.0,3.0,Missing,Late 2.5,3.0,Missing,Late 4.0,Missing,Missing,Late 4.0,2.0,2.5,3.0,Missing,Missing,Missing,Late 3.5,Missing,Missing,Missing,Missing,4.5,2.5,1.5,Late 3.0,Missing,4.0,4.0,4.0,Missing,3.5,Missing,Missing,Missing,Missing,Late 2.0,Late 5.0,Missing,4.0,Late 3.0,Missing,Missing,Missing,Missing,Missing,Late 3.0,Missing,Missing,Missing,Missing,Missing,Missing,Late 4.0
oljack_burton,Missing,Late 3.5,5.0,Late 3.5,4.5,5.0,4.0,Missing,Late 3.5,5.0,Late 5.0,5.0,4.5,4.0,Missing,4.5,4.0,Missing,Late 4.5,3.5,Missing,Late 4.5,Late 3.0,4.5,Missing,Missing,Missing,Missing,Missing,Missing,Missing,Missing,Missing,5.0,Late 2.5,Missing,Missing,Missing,Late 4.0,Late 4.5,Missing,Missing,Late 4.0,Missing,Late 4.5,Late 3.5,Missing,Late 4.5,Missing,Missing,Late 4.5,Missing,Missing,Missing,Late 3.5,Missing,Missing,Missing,Missing,Missing,Missing,Missing,Late 4.5,Missing,Late 3.5
brashbelle,Late 1.0,Late 2.0,Late 3.0,Late 2.5,2.5,4.0,Late 5.0,Missing,Late 3.5,Late 4.5,Late 4.5,5.0,5.0,3.0,4.0,5.0,3.0,Missing,Late 5.0,Late 3.0,4.0,Late 5.0,Late 1.5,Missing,4.0,Late 4.5,Missing,Late 4.0,3.5,3.5,Missing,Missing,Missing,Missing,Missing,Missing,Missing,Missing,Missing,Missing,Late 4.0,Missing,Missing,Missing,Missing,Missing,Missing,Missing,Missing,Late 4.5,Late 4.5,Missing,Missing,Missing,Missing,Missing,Missing,Late 5.0,Late 4.0,Missing,Missing,Late 4.0,Missing,Missing,Missing
swarnim_thapa10,Late 2.0,Missing,5.0,Late 4.5,5.0,5.0,Late 5.0,Missing,Missing,5.0,Late 4.0,Late 5.0,Late 4.0,Late 4.0,Missing,Late 4.0,Late 4.0,Missing,Missing,Missing,Missing,Missing,Missing,Late 3.0,Late 4.5,Missing,Missing,Missing,Missing,Missing,Missing,Late 5.0,Missing,Missing,Missing,Missing,Late 4.5,Late 4.5,Missing,Missing,Missing,Missing,Missing,Missing,Missing,Missing,Late 4.5,Missing,Missing,Missing,Missing,Missing,Missing,Late 5.0,Missing,Missing,Missing,Missing,Missing,Missing,Missing,Missing,Missing,Missing,Missing
kitrv,Missing,Late 5.0,5.0,Late 4.0,4.0,3.5,Late 4.0,Missing,Late 3.5,5.0,Late 3.5,4.0,Late 4.0,Missing,Missing,Late 4.5,Missing,Late 4.5,Late 4.0,Missing,Missing,Late 4.0,Late 2.5,Late 3.5,Late 3.5,Late 4.5,Missing,Late 4.0,Missing,Missing,Late 4.5,Late 4.5,Missing,Late 4.5,Late 4.5,Missing,Missing,Late 3.5,Missing,Missing,Late 4.0,Late 3.0,Late 4.0,Missing,Late 4.0,Missing,Late 4.0,Late 4.0,Late 5.0,Missing,Late 5.0,Late 4.0,Late 4.5,Late 5.0,Missing,Missing,Missing,Late 3.5,Late 4.0,Late 3.5,Missing,Late 3.0,Late 4.5,Late 3.5,Late 5.0
lilliancrawford,4.0,4.0,3.5,Late 3.5,4.5,4.0,Missing,Missing,5.0,4.0,5.0,4.0,5.0,4.0,Missing,Late 3.5,4.0,Missing,Late 4.0,2.5,Missing,Late 4.0,4.0,4.0,5.0,Missing,Missing,4.0,Missing,3.5,Missing,Missing,Missing,1.0,Late 0.5,Late 0.5,2.0,4.0,Missing,Missing,Missing,Missing,Missing,Missing,Missing,Missing,Late 4.0,Missing,Missing,Missing,Missing,Missing,Missing,Missing,Missing,Missing,Missing,Missing,Missing,Missing,Missing,Missing,Late 5.0,Missing,Missing
eddiebergman,Missing,Missing,3.5,Late 3.0,3.5,4.5,Late 3.0,Missing,Missing,Late 4.5,Late 3.5,Late 4.5,Late 4.0,3.0,Missing,Late 4.0,3.0,Missing,Missing,Missing,Missing,Missing,2.0,3.0,3.0,Late 4.0,Late 3.0,Late 3.5,Late 4.0,Missing,3.5,Late 3.0,Late 3.0,4.0,3.0,Missing,Missing,Missing,Late 4.0,3.5,Late 3.5,Missing,Missing,Late 3.0,Late 4.0,Late 3.5,Late 3.5,Late 3.5,Late 4.5,Late 3.0,Late 4.0,Missing,Late 3.5,Late 3.0,Missing,Late 3.5,Late 3.0,Late 3.0,Late 3.0,Missing,Missing,Late 4.0,Late 4.0,Late 3.5,Late 3.5
thesherminator,Late 0.5,Late 1.0,3.5,Late 4.0,Missing,5.0,Late 3.5,3.0,Late 2.5,Late 2.5,Late 3.0,4.5,Late 3.5,1.5,Missing,4.0,1.5,3.0,Late 3.0,Late 2.0,Missing,Late 3.0,3.5,4.0,3.5,Late 2.5,Missing,Late 3.5,Late 3.0,3.0,Late 3.5,3.5,Late 1.0,4.0,1.0,Late 2.5,4.0,2.0,Late 5.0,3.5,Missing,Late 2.0,3.0,Late 2.0,5.0,Late 3.5,3.5,Late 2.0,4.5,3.0,3.5,4.0,4.5,3.5,4.0,4.0,2.5,3.0,Missing,3.0,Late 2.5,3.0,4.5,4.0,Late 3.5
brianrowe,3.5,4.0,4.0,Late 4.0,4.5,3.0,4.0,5.0,3.5,5.0,4.0,4.0,5.0,4.5,Missing,4.0,4.5,Late 4.0,Missing,Missing,Missing,Missing,Missing,Missing,Late 2.0,Missing,Missing,Missing,Missing,Missing,Missing,Missing,Missing,Missing,Missing,Missing,Missing,Missing,Missing,Missing,Missing,Missing,Missing,Missing,Late 5.0,Missing,3.5,Missing,Missing,Missing,4.0,Late 4.0,Missing,Late 3.5,Late 4.0,Late 4.5,Missing,Late 3.0,Late 3.0,Late 2.0,Late 4.0,Missing,Missing,Missing,Missing
kevlarx,Missing,Late 2.0,3.5,Late 3.0,4.0,4.5,4.0,Missing,3.0,4.5,Late 4.5,4.0,Late 5.0,4.5,Missing,2.5,4.5,Late 4.5,Late 3.5,Missing,Missing,Late 3.5,3.0,3.0,5.0,Missing,Missing,Missing,Missing,Missing,Missing,Missing,Missing,4.0,2.5,Missing,Late 3.5,Late 2.5,Late 4.0,3.5,2.5,Missing,3.5,Missing,Late 4.0,Late 3.5,3.5,Late 3.0,4.5,Late 2.0,4.5,Late 3.0,4.5,Missing,Missing,3.5,Missing,4.0,3.0,3.0,Missing,3.0,Late 4.5,Late 3.5,Late 4.0
brookeburns,Missing,3.0,5.0,Late 4.0,4.5,5.0,Late 3.5,Missing,5.0,5.0,4.5,3.5,5.0,2.5,Missing,3.5,2.5,Missing,Late 3.0,2.5,3.0,Late 3.0,2.5,4.0,3.5,4.5,Missing,4.5,Late 4.0,4.0,4.5,3.0,3.5,4.5,1.0,Late 2.0,Missing,4.0,Late 4.5,4.0,Late 2.0,Missing,Missing,Missing,Late 4.0,Missing,Late 4.0,Missing,Late 5.0,Missing,Missing,Missing,Missing,Missing,Late 3.0,Missing,Late 3.0,Missing,Missing,Missing,Late 4.5,Missing,Missing,Late 4.0,Missing
johnholmes,Missing,Late 3.5,3.5,Late 3.0,2.0,3.0,Late 3.5,Missing,Missing,Missing,Late 2.5,Late 3.5,Missing,3.5,Missing,Late 3.5,3.5,Late 2.5,Missing,Missing,Missing,Missing,Late 3.5,Late 4.0,Missing,Missing,Missing,Missing,Missing,Missing,Missing,Missing,Missing,3.5,4.5,Late 3.0,3.5,Missing,Missing,3.0,Missing,Missing,3.5,Late 3.5,Missing,Late 3.5,Missing,Late 3.5,Late 3.0,Late 3.0,4.0,3.5,4.5,3.5,Late 3.5,Late 4.0,Late 4.0,Missing,4.0,4.0,Missing,Late 3.5,Missing,Late 3.5,Late 3.5
bananapudding,Missing,Missing,4.5,Missing,Missing,Missing,Missing,Missing,Missing,Missing,Missing,Late 4.0,Missing,3.5,Missing,Missing,3.5,Missing,Missing,Missing,Missing,Missing,Missing,4.0,4.5,Missing,Missing,Missing,Missing,Missing,Missing,Missing,Missing,Late 4.0,Late 2.5,Missing,Missing,Missing,Missing,Late 4.0,Missing,Missing,Missing,Missing,Late 4.0,Missing,Missing,Missing,Late 3.5,Missing,Missing,Missing,Missing,Missing,Missing,Missing,Missing,Missing,Missing,Missing,Missing,Missing,Missing,Missing,Late 2.5
mattluvsmovies,Late 1.0,Missing,Missing,Late 3.5,Missing,Late 3.0,Missing,Missing,Missing,4.5,Missing,5.0,4.0,Missing,Missing,5.0,Missing,Late 4.5,Missing,Missing,Missing,Missing,Missing,Late 3.5,4.0,Missing,Missing,Missing,4.5,Late 4.5,Late 4.0,Missing,Missing,Missing,Missing,Missing,Late 4.5,Missing,Missing,Late 4.0,Missing,Missing,Missing,Late 3.5,Missing,Missing,Late 5.0,Missing,Late 4.0,Late 4.5,Late 4.5,Late 3.0,Missing,Missing,Missing,Missing,Missing,Late 4.0,Missing,Missing,Missing,Late 3.0,Missing,Missing,Late 4.0
gleek,Missing,Late 4.5,5.0,Missing,4.0,Missing,Missing,Missing,Missing,Missing,Late 3.0,Missing,Missing,Late 2.5,Missing,Missing,Late 2.5,Missing,Missing,Missing,Missing,Missing,Missing,Missing,Missing,Missing,Missing,Late 4.5,Late 3.5,Missing,Late 4.5,Late 4.5,Missing,Late 4.0,Missing,Missing,Missing,Late 5.0,Missing,Late 5.0,Late 3.0,Missing,Missing,Missing,Missing,Missing,Missing,Late 4.0,Late 4.0,Missing,Late 5.0,Missing,Missing,Missing,Missing,Late 3.0,Missing,Missing,Missing,Missing,Missing,Late 4.0,Missing,Missing,Late 4.0
buffedfilmbuff,Missing,Missing,Missing,Missing,Missing,Missing,3.5,Missing,Late 2.5,Late 4.5,Late 3.5,4.0,4.5,Missing,Missing,Missing,Missing,Late 3.5,Late 2.0,3.0,Missing,Late 2.0,2.0,Missing,4.5,Late 3.5,Missing,4.0,Late 4.0,3.5,4.5,Late 3.0,Missing,4.0,Missing,Late 2.0,3.5,3.0,Late 4.0,Late 3.5,Missing,Late 2.5,3.0,Late 3.0,4.5,Missing,3.5,4.0,4.5,3.0,4.5,Missing,Late 3.0,Late 4.0,Missing,Late 4.0,Missing,Late 3.5,Missing,Missing,Late 3.0,Missing,Late 3.0,Late 5.0,Missing
fgdalmeida,Missing,4.5,2.5,Late 3.0,5.0,5.0,Late 4.5,Missing,2.5,4.5,4.5,5.0,5.0,4.5,Missing,Late 4.5,4.5,Late 4.0,Missing,Missing,Missing,Missing,Missing,Missing,Missing,Missing,Missing,Missing,Missing,Missing,Missing,Missing,Missing,4.0,5.0,Missing,Missing,Late 4.0,Missing,Missing,Late 3.5,Missing,Late 4.5,Missing,Missing,Missing,Late 4.5,Missing,Missing,Missing,Missing,Missing,Missing,Missing,Missing,Missing,Missing,Missing,Late 4.0,Missing,Missing,Missing,Missing,Missing,Late 2.5
vishnevetsky,Missing,Missing,Missing,Missing,Missing,Missing,Missing,Missing,Missing,Missing,Missing,Missing,Missing,Missing,Missing,Missing,Missing,Missing,Missing,Missing,Missing,Missing,2.5,Missing,Missing,Missing,2.0,Missing,Missing,Missing,Late 3.5,Late 3.0,Missing,3.5,3.0,2.0,Late 3.0,Missing,3.5,Missing,3.0,Missing,3.0,Missing,4.0,2.5,Missing,3.0,3.5,2.5,4.0,3.0,3.5,Missing,4.0,4.0,3.0,3.5,Missing,3.0,Missing,3.0,3.0,2.5,Missing
mrbalihai,Missing,Missing,2.5,Missing,Missing,2.0,Missing,Missing,Missing,Missing,Missing,Missing,Missing,Missing,Missing,Missing,Missing,Missing,Missing,Missing,Missing,Missing,Missing,Late 2.0,Missing,Missing,Missing,Missing,Missing,Missing,Missing,Late 3.5,Missing,Missing,Late 1.5,Missing,Missing,Missing,Missing,Missing,Late 2.0,Missing,Missing,Missing,Missing,Missing,Missing,Missing,Missing,Missing,Missing,Missing,Late 1.0,Missing,Missing,Missing,Missing,Missing,Missing,Missing,Missing,Missing,Missing,Missing,Missing
joejatcko,Missing,Missing,4.0,Late 2.5,Missing,3.0,Late 4.0,Missing,Late 3.0,Missing,Missing,3.0,Missing,Missing,Missing,Late 1.0,Missing,Missing,Missing,Missing,3.0,Missing,Missing,Late 1.5,1.0,Missing,Missing,Missing,Late 3.0,Late 4.0,3.0,Late 3.0,Late 3.5,Late 3.5,Late 4.0,Late 3.5,4.0,1.5,Missing,2.0,2.5,Missing,Late 3.5,Missing,Missing,Late 3.0,Late 2.5,Late 3.0,Late 3.5,4.0,Missing,Missing,4.0,3.0,Late 2.5,Missing,Missing,Missing,Late 3.0,Late 3.5,3.5,Late 1.5,Late 4.0,Late 2.0,Late 2.5
cineminx,0.5,5.0,4.5,Late 2.5,5.0,4.0,Late 3.5,Missing,Late 1.5,Late 3.5,Late 1.0,Missing,Late 3.0,Late 4.0,Missing,Late 5.0,Late 4.0,Missing,Late 3.0,Missing,Missing,Late 3.0,Missing,Late 3.5,Missing,Missing,Missing,Missing,Missing,Missing,Missing,Missing,Missing,Late 5.0,Late 3.0,Missing,Late 3.5,Missing,Missing,Missing,Late 3.5,Late 4.5,Late 4.0,Missing,Missing,Missing,Missing,Late 4.5,Late 4.5,Missing,Missing,Missing,Missing,Missing,Missing,Missing,Missing,Late 4.5,Late 4.0,Missing,Missing,Late 3.5,Late 4.5,Missing,Late 4.5
v6446v,Missing,Missing,Missing,Missing,Missing,Missing,Missing,Missing,Missing,Missing,Missing,Missing,Missing,Missing,Missing,Missing,Missing,Missing,Missing,Missing,Missing,Missing,Missing,Missing,Missing,Missing,Missing,Missing,Missing,Missing,Missing,Missing,Missing,Missing,Missing,Missing,Missing,Missing,Missing,Missing,Missing,Missing,Missing,Missing,Missing,Missing,Missing,Missing,Missing,Missing,Missing,Missing,Missing,Missing,Missing,Missing,Missing,Missing,Missing,Missing,Missing,Missing,Missing,Missing,Missing
raveness,Late 2.0,Missing,4.0,3.5,3.0,3.0,4.0,Missing,Missing,4.5,Missing,Missing,Missing,Missing,Missing,Late 3.0,Missing,Missing,Missing,3.0,Missing,Missing,Missing,3.5,3.5,Late 4.0,Missing,Late 3.5,Late 4.5,Missing,Late 4.0,4.0,Missing,4.5,Missing,2.0,3.0,Late 2.5,Late 3.5,5.0,4.0,Late 2.0,4.5,Late 4.5,Late 4.5,Late 3.0,3.5,Late 4.0,4.0,Late 2.5,4.5,Missing,Late 5.0,Late 3.5,Missing,Missing,Late 4.0,Missing,Missing,Late 3.5,Missing,Late 4.0,Missing,Late 4.0,Missing
